0.68379766,0.26308668,-0.034791965,0.12931614,0.7169543,1.1522028,-0.09310031,0.4187469,-0.6882147,0.27375466,-0.59862703,0.24685854,0.8203024,-0.88667053,-0.8153252,-0.8727189,1.1418787,0.451227,-1.3446854,-0.17866185,-1.2997278,-1.6123409,-0.85455525,-0.4610572,-0.88430715,-0.4271782,-0.41143358,-1.1118077,-2.1971755,-1.8172146,-1.4753044,-0.32894582,0.24574775,-0.3275006,-0.30697247,-1.2867728,-0.15023786,-1.5753627,-1.7389908,-0.58305097,-1.2208002,-1.1315837,-0.1986587,-0.0645558,-0.76579595,-0.30896384,-1.0288074,-1.6966364,-1.1029977,-0.1777332,-0.69422555,-1.5602242,-1.4183081,-1.912075,-0.6395693,-0.9728668,0.8363952,-0.11108185,-1.5607619,-2.005445,-0.58330476,-0.95110387,-1.0505747,-1.660845,-1.9031855,-0.5865465,-0.13066584,-0.9262343,-0.7519432
2.5623338,0.7074216,-0.85003656,3.3903692,-0.53215694,1.1111684,0.35674098,3.179255,-1.3436587,0.18920264,-0.21316253,3.5204234,-0.6027719,-0.32107356,-0.1816257,0.031046096,0.3998703,1.2709538,-0.22733517,1.0475414,-0.08615382,-1.1264603,0.111442186,0.42988214,1.8338959,1.8431581,2.3067474,2.1609037,0.32062837,-1.2647673,-1.2046853,3.327503,-0.60269254,0.45839083,4.361995,2.5923903,0.4897796,-0.07350367,-0.46670803,0.8949855,0.691949,-0.20866537,3.948715,-0.13014199,1.590766,3.0607443,-1.7048666,-1.3257303,2.0847802,3.651695,1.393875,-0.5732085,0.63485956,-0.44910997,-1.024371,0.44843876,1.0945809,-1.279169,-0.4306419,-1.5597633,2.8183115,0.581238,-1.4344207,-2.2518084,-1.5070603,2.8788297,-1.6360348,1.2202954,0.50753176
4.9474325,0.29018185,7.1833153,0.48895493,0.609952,0.5083576,0.82363135,0.73868614,-0.13898773,0.5108036,-0.18608755,1.1499975,0.81049275,2.1042738,-0.17756775,2.1830277,1.58772,1.420509,1.7797985,-0.2816494,0.23261061,2.1639447,1.4157227,0.18639293,-0.41566905,-0.4869787,0.51910776,1.1438931,0.8846012,2.3191814,0.4416393,0.82328856,-0.9860157,0.80352575,1.1236267,1.2515315,-1.0261334,0.18361859,1.8546932,-0.6566055,0.058118477,-0.4416171,1.2512815,0.010497806,0.8137537,0.8892613,0.45040536,1.5073133,0.5688649,0.92276686,2.125663,-0.30853233,-0.004367437,1.7471443,-0.2550383,-1.1217458,0.37972027,-0.6732674,0.07002784,1.6581522,0.9770971,2.0377,2.6169863,-0.3470489,-0.1819696,0.6914264,-1.3364763,0.41256988,1.0601555
3.6131675,2.6483164,-0.7990778,4.6705317,-0.34880507,0.5565145,0.052070163,4.5756245,-1.4463391,-0.16511185,-0.47906536,4.99535,-0.019154502,0.33466715,0.021940215,0.22373337,-0.16047934,1.3865411,0.10490783,1.2248499,0.08760262,-0.40295836,-0.04150926,-0.34652445,1.4183546,2.1528313,3.0406733,1.9719493,0.6329866,0.10205127,-0.38333118,4.87057,-1.2310896,-0.09811202,5.1587715,1.7648546,0.15312083,-0.003278485,0.15300786,-0.025641952,-0.01530154,-0.042056005,5.101645,0.08553738,1.5602747,4.8606606,-1.2087015,-1.8519356,1.0835625,4.573411,0.57332116,-0.10878373,0.44862553,0.087645106,-1.0343673,0.49942738,0.67078596,-0.7118358,0.026216147,-0.029417144,4.6516805,0.26609328,-1.4876695,-2.3901641,-1.1485959,4.669216,-1.5818235,0.8787217,0.19940223
3.4535038,-0.2208328,-0.8015706,-0.36111593,7.8816996,0.5093872,0.26809207,0.010380186,-0.77402484,0.7266787,0.03948703,0.004234665,1.7339481,-0.9349093,0.50940675,-0.8035804,1.730496,2.1904395,0.86623627,3.3692107,0.18533458,0.5865319,0.09768906,1.1125281,1.8740717,-0.8187513,-0.63249874,-1.0776668,-0.7927848,0.5491331,1.2157196,-0.11779005,0.63201886,-1.727879,-0.50198334,-1.163998,0.11221284,-0.34615988,0.5062332,-1.987988,-0.29405677,0.27091157,-0.4911673,0.2867045,-0.04673369,0.014680496,-0.40824345,-1.0834911,-1.537932,-0.5094509,-3.071679,-0.4816213,-0.057535794,0.418266,0.15894449,1.4243548,0.6910202,0.026902318,0.011447517,0.48509535,-0.35927355,-3.158479,-1.841501,-1.6051792,-1.1232554,-0.510672,-1.0394094,-0.59370536,-0.0881863
5.003517,0.9576273,2.0139623,0.857748,0.9268925,4.9664187,-0.6190174,0.3098255,-2.5587971,-1.9078445,0.2956835,0.47785574,0.9155191,3.0563889,1.3656676,3.7059639,2.6890411,1.4440997,2.339035,-0.0354183,2.3696456,3.0831301,-0.13546143,0.35364598,1.1877117,0.19295079,-0.5191003,2.3424582,1.5782892,3.3392286,-1.193425,1.9637754,1.143183,0.4553959,1.2756687,2.2600904,-2.489048,2.0792646,2.456588,0.7024842,1.676122,0.037515312,1.5232517,0.3061097,2.3786602,1.5908109,1.0973446,0.15863968,2.4879782,1.1500206,3.8052425,0.28047556,1.152061,2.3326678,0.037040986,0.26023448,1.5473034,-0.8625241,1.1189451,2.5580387,1.7941549,4.482111,-1.6237867,0.84066665,1.7123129,0.85940856,0.10113406,1.3085365,-0.2347502
5.2944674,1.1214321,1.1335403,1.2307445,3.5202906,0.96172386,1.6967624,0.91879815,-0.08069171,-0.33302212,-0.28314313,1.0879811,2.0621376,-0.65925586,0.113476366,-0.26402417,1.333562,0.62306285,3.263309,3.465125,-0.93454665,1.4378887,1.8213712,1.1536272,0.09275522,0.5896078,-0.14677425,0.7598537,0.017712127,1.4101881,0.40218633,1.5907612,1.2171057,-0.5629142,1.4264593,0.88863075,0.53622955,-1.4261771,2.3963914,0.34146404,-0.023871863,-0.7921171,1.352825,-0.057589937,0.621141,1.3704138,0.101305895,-1.7195905,0.95549065,1.2860999,-0.2897682,0.23894912,-0.44160607,2.335175,0.020709304,0.14296098,-0.77764064,0.6077134,-0.19114901,2.5366108,1.2592909,0.13706249,2.2773087,0.2013943,-1.2832443,1.2938895,0.7166984,0.32629347,1.5279229
3.0290205,2.9993694,-0.43987328,4.9948936,0.07919745,0.3361541,-0.18205237,4.190281,-1.8347348,-0.1649813,-0.49543718,4.595107,-0.97058487,-0.46741864,0.073031016,-0.041726023,0.31721315,1.7877997,0.18979278,1.5914686,0.21981528,-0.6762322,0.20388779,-0.17819393,1.4525421,2.3287463,2.8830614,1.9853506,0.5469065,-0.33874643,-0.40271947,5.351663,-0.3578603,0.89081264,5.6506004,1.96631,0.33044562,-0.4246192,-0.6168325,0.4964253,0.28194818,-0.1448816,5.356459,0.25887784,1.6524721,4.875777,-1.1999692,-1.1646247,1.6019074,4.7993956,0.52079815,-0.6589637,0.14727667,-0.79660684,-1.2966942,0.36125007,0.68078816,-0.59133935,0.12690249,-0.52301645,4.9043574,0.77418685,-0.38236415,-1.2545165,-0.5717854,4.977983,-0.87224776,1.0010991,-0.09810931
2.0036314,-0.6447281,0.5722694,-0.58753306,0.9188107,-1.1517054,0.12769143,-1.0575038,4.4833694,1.4040958,-0.961463,-0.28525737,-0.71383107,-0.5653386,-0.6826901,-0.3516282,0.25405693,1.6888636,1.3349453,1.6325147,1.4683903,1.244745,1.0247664,0.8539425,0.034429565,-0.22563393,0.1602708,0.3841461,1.5629245,1.3155614,1.5387837,0.12956573,-0.12146309,1.0574412,0.49533573,0.5445256,3.0057983,0.92261934,0.5617576,-0.21139182,-0.5869307,1.0934707,0.21887997,1.024898,1.6266242,0.03819974,0.74317473,2.9315724,-0.18628277,-0.5986161,-1.1036568,-0.86939114,-0.91712254,0.28141725,0.05525028,0.30293947,-0.557674,-0.43604898,-0.4429611,0.64816207,-0.2576645,-1.0970817,2.4088473,3.3240626,1.0137417,-0.07717443,0.719299,0.5881217,0.14904155
-0.08261064,0.10779365,0.08187306,-0.13186166,-0.29497975,-0.6742691,1.0238466,-0.4871309,0.5647066,6.422834,0.14235146,-0.1712644,-0.28835508,-0.86345357,0.55425745,-0.81336796,0.7944706,2.5408645,-1.8633308,1.7043103,1.5624081,-1.0754735,0.82786465,1.0808312,0.58399606,0.015551348,-1.0733676,0.43959868,1.4168528,-1.0482477,1.8104526,0.23307143,0.38348347,2.4608042,0.521907,0.8544604,4.1373377,1.3877947,-1.9987123,3.0572252,0.4878071,1.3798176,0.061431684,0.7751143,1.8862473,0.27024278,1.306102,0.4910078,0.36355653,-0.091954865,1.2139281,-1.3713372,0.5283584,-2.486844,0.7084656,1.8460771,-0.611399,-0.10230691,0.6635587,-2.175789,0.12221019,1.1170518,2.387845,1.0816984,1.4217887,0.5137462,-1.0565066,1.4557357,0.9258422
4.872561,-0.24423781,1.147285,-0.19482559,2.7273955,-0.114233516,0.40287817,-0.50818396,-0.74606013,-0.2519141,-1.0561893,-0.98145694,0.22548665,-0.1351798,-0.37662077,0.36868954,1.6965628,-0.80372566,2.164982,-0.20930624,0.25310293,2.1599984,1.0962207,0.7254581,-0.30465877,0.6473159,-0.12398702,0.3972525,-0.28773805,1.7289883,1.3606708,0.23117687,1.2297528,0.59116614,0.14783762,1.0816677,0.711093,0.08831443,2.216382,-0.13164692,-0.2963278,0.08489883,-0.6227404,0.6368559,1.129037,0.27113315,-0.6298274,0.493312,0.783161,-0.24539003,0.39200038,0.15497468,-0.2570114,1.9001489,0.8629201,0.044322558,-0.20399117,-0.42381018,-0.5201058,1.8339397,0.09103479,0.6666627,-0.31103078,-0.7543124,-0.45399472,0.23501529,0.41439208,1.4985621,0.77705026
3.1981246,3.088155,0.24358839,5.280182,0.54372287,0.4231888,0.2704558,4.4681096,-0.8894646,0.0987045,-0.68763965,3.9951124,-1.1374989,-0.5825035,0.033115655,-0.077937044,0.057335645,1.2566642,-0.5360152,1.2194747,0.0964404,-0.26727623,0.78314674,0.17589721,1.6132666,1.8899598,2.2989984,1.2515323,0.16472025,-0.51091206,-0.0057118153,5.224474,-0.5349516,0.49977565,5.409621,1.9209415,0.97870237,0.19567417,-0.03455426,0.46239808,0.40847978,-0.07091348,4.5113997,-0.22794147,1.2105746,4.8212237,-0.30414602,-0.53715515,1.8690739,4.760892,0.47624645,-0.5091628,0.48579895,-0.43521628,-0.9212943,0.1538472,0.16967854,-1.1913822,-0.40489796,-0.97077256,4.643176,0.6047074,-0.052535105,-1.2766291,-0.7992763,4.8226457,-0.10820376,1.8259908,0.627591
3.9661238,-0.13232617,0.7439214,0.14173776,2.0413625,1.2169762,0.548203,-0.7822666,-1.6403503,0.062046725,-0.5112208,-1.2658613,6.820671,-0.28218946,-0.47137967,0.26050052,3.5477505,2.715666,0.36775663,0.9742703,0.39248976,0.970116,1.14241,-0.5586163,1.0799013,0.91160154,0.34508017,-0.411205,-1.5018644,0.55480665,0.006079986,-0.06792703,3.1582654,1.349686,-0.08151913,0.15685196,-0.700113,0.42386043,0.41030154,0.67647207,0.09331917,1.8862101,-1.0198195,1.9691441,0.17726581,-0.9476436,0.18510981,-2.0703106,0.108456805,-0.40079603,0.3933064,-1.5487821,-0.8007153,-0.39889368,0.36015582,-1.1831663,1.0312294,0.5687601,-1.066646,-0.67093813,-1.1629963,0.6213828,-0.0797189,-0.697545,-0.022669112,-0.8808733,1.7651395,1.0965675,0.60952646
5.121548,0.7574571,3.2246444,1.4936539,2.093382,1.9227685,1.0813069,0.5056114,-0.9251659,-1.0615103,0.22106981,0.112874605,1.0543103,5.3470445,0.01756293,5.8419137,0.7502575,1.1194179,1.1990429,0.21355829,0.21528894,2.1535916,2.4716141,-0.50868934,0.21433222,0.17522903,1.1840047,1.4676462,-1.0363058,1.7124485,-0.5275079,0.9738895,0.2549248,-0.17876095,1.3241311,2.258541,-2.1625197,0.64433914,1.4425384,-1.1381185,1.0448774,1.1628217,0.6407612,-1.1063359,1.2433429,0.6326812,0.071195886,0.25718406,2.2707505,1.1681005,2.664421,0.25965133,0.3721428,1.0430357,0.058178812,0.23509607,1.1157935,-1.8131753,-0.0071414704,0.46534985,0.32856497,2.435468,-1.5546768,-0.7480213,0.6032666,0.61356723,-1.7440983,2.373265,1.6255348
5.021538,-0.26464182,1.0084337,0.0032657445,3.324297,0.6511815,0.9079305,-0.07674586,-0.47369558,0.2498261,-0.5599514,-0.4404711,0.22265588,-0.3687753,-1.252396,-0.048242476,1.141526,-0.6663137,2.1541798,-0.4440222,-0.800319,1.5569865,0.871516,0.31580877,-0.69042635,0.9707975,0.42044955,0.53784555,-0.7497534,1.1109734,0.5875204,-0.28638422,0.96279633,0.49574673,0.57922256,1.1783911,0.68218243,-0.5199106,1.9208003,-0.31470093,-0.24004954,0.7418682,-0.25760153,0.59617984,0.3845908,-0.44972143,-1.4902912,-0.38661295,0.6558737,0.3499624,0.8258893,0.3611837,-0.71817154,1.493844,0.9840173,0.44825032,0.48998013,-0.08497822,-0.9316269,1.0512242,-0.76051307,0.117663555,-0.47781032,-0.7468884,-0.6412849,-0.0434732,-0.33664826,1.4980342,1.2516848
5.471892,0.81008136,2.958756,1.0860956,2.1316981,2.153657,1.4231617,0.6124352,-1.1402938,-1.335263,0.13031185,0.31751907,1.545951,5.7102566,-0.09239141,5.5536046,0.3619388,0.6444522,1.150736,0.17971586,0.2697113,2.1071723,2.3233092,-0.7021565,-0.25265062,-0.25999433,1.0254154,1.7318568,-0.5777289,2.1138012,-0.6017683,0.62152606,-0.080295034,-0.44112858,1.1455412,2.55027,-2.0433226,1.013085,1.8089684,-1.366252,0.6436034,0.79654676,0.5561575,-0.95936793,1.6516819,0.7908234,-0.13183136,-0.24345136,1.6342659,0.7418757,2.514583,0.5375971,0.40731993,1.1331435,-0.3660359,-0.27587414,0.8821956,-1.8348117,0.22878957,0.9507924,0.14589146,1.9149088,-2.1611204,-1.0968878,0.6473255,0.83839786,-1.6329414,2.3888843,1.8420072
3.2496095,1.0559587,0.8658124,-0.01725375,1.5387977,3.234242,1.3672488,0.28086138,-2.0448055,0.4909275,-0.1562811,-0.46995723,2.991504,0.37781394,-0.3149934,0.035255868,7.0649586,1.6053598,-2.2448997,-0.27068546,-0.48783427,-1.0763704,-0.639083,1.0421658,-0.28081027,-0.7385018,-0.26512694,1.1663412,-0.71834946,-0.8912626,-2.7130604,-0.045010544,2.9887202,2.0478973,-0.023454083,1.7011375,0.2790643,0.5268776,-0.710631,2.532743,0.12266985,-0.9383013,-0.5156368,3.7000518,1.4483526,-0.16476828,0.36637825,-0.6331696,0.7950529,-0.107124105,1.3604358,-1.6320808,-0.11125472,-1.9888192,-1.4268701,-1.576058,1.9699726,-0.60664636,-0.28040287,-1.9762125,-0.5380778,0.88581693,-1.2540337,-0.5810758,-0.30957028,-0.11886488,1.5015792,2.1048641,1.4981521
1.4852331,0.47847426,0.778113,-0.038786665,2.5601227,1.4405328,1.4336203,0.43578714,0.3709403,2.6854627,0.20813112,-0.2730563,2.0025115,-0.13697512,0.52749354,-0.5948784,1.5496553,6.545892,-1.2349951,4.256929,0.29149798,-0.77285326,0.79268664,1.3527954,1.1212351,-0.5322984,-0.8578426,-1.340994,-0.50498354,-0.8192168,0.3890674,-0.51387006,0.1950669,0.7244543,-0.3681898,-0.7182594,1.519681,1.1691586,0.32370228,2.2459118,0.09299494,-0.09786748,-0.78580546,1.8358419,-0.6003554,0.012439045,0.6539263,-1.8714973,-1.2448393,-0.28336054,-0.34352753,-0.06451338,0.57045734,-0.4830111,-0.5015191,0.756961,-0.44265237,1.0117031,0.09777523,-0.70850515,-0.6839767,-0.7665655,0.8809993,-0.56118405,-0.08493082,-0.19867077,0.8111294,0.020083735,1.1903445
4.801417,1.6293548,1.3980539,1.7109398,3.1031225,0.09557234,1.165014,2.272829,1.2105619,-0.12417922,-0.301415,1.3635238,-0.21541958,0.17284527,0.00052306073,0.1645402,-0.8576376,-0.7942387,1.8690311,-1.1404306,-0.5666918,1.5742049,1.1255465,0.17081873,0.24331182,0.7888978,-0.36457428,0.17939624,0.40566847,2.2855692,1.1546968,1.9592801,0.97308266,0.7767434,1.5968275,0.6590835,0.6754545,1.3305832,4.1802306,-0.074358195,0.5892059,0.29474065,1.5829152,-0.020506583,1.1308963,2.2680426,-0.63316435,0.5731311,0.42295957,1.3857319,0.12045549,0.9259088,0.1728201,3.1814644,1.3382021,0.826448,-0.00423632,0.2374976,-0.49095932,2.6009526,1.4548775,-0.0025691267,-0.14044161,0.16912079,-0.71639997,1.3895417,0.12300313,1.3893667,1.3811097
2.4442546,1.5239968,-0.0193063,1.6824496,3.8512654,1.8716204,1.9228873,1.8924832,0.58915514,2.1533623,0.42065808,0.986181,1.3513772,0.028311616,0.24230522,0.09387999,0.33882833,3.6413927,-1.3188142,5.40952,-1.3664579,-0.46160236,0.56359196,1.2152947,1.431719,0.22834705,0.05359857,-0.015834259,0.10110726,-0.21439953,-0.6238149,1.037734,-0.2092156,-0.5434151,0.7094809,0.47510025,0.049558703,0.3959156,0.71356463,0.9901842,0.66643196,1.0422996,0.6028934,-0.51083696,0.10775561,0.7434841,1.486331,-1.1685814,0.5693904,0.75929993,-1.3168968,-1.6323134,-0.13644767,-0.47446468,-2.5661,-0.17881064,-0.8426901,-0.9283917,-0.84013206,-1.328926,0.13990836,-1.3097066,-0.34676227,0.49438894,-1.3532985,0.27775335,-1.4737529,1.0711097,1.7174317
4.754375,0.05562594,1.5564079,0.009273016,2.9505224,0.71758354,0.82504815,0.32301283,1.5185158,0.8294631,-0.12006623,-0.24988025,0.09266125,0.46997008,-0.83535194,0.79980135,0.7140473,-0.35515925,1.1738998,-1.8674763,-0.46539164,1.4010508,-0.22791938,0.6759583,-0.722852,-0.26536047,-1.1961638,-0.4703314,-0.3097988,2.1823256,-0.0023108884,-0.020816823,1.4126744,1.1177292,0.049557436,-0.036225855,-0.19836077,1.5454364,2.9635632,0.19659159,0.68123776,0.69608957,0.16750723,0.2663668,-0.1726291,-0.4195405,0.25209764,0.81620896,-0.05656157,-0.26284772,-0.36535722,-0.06214128,-1.0287504,1.7618884,0.9325885,1.0032996,0.086937025,-0.24720356,-1.3427818,0.97561187,-0.93531495,-0.50411874,-0.6554613,0.241035,0.052026168,-1.0671048,-0.54352033,0.24461667,1.0837036
4.0702996,0.26715988,2.1849232,0.5803146,4.223896,1.1480246,1.6108985,0.5414428,1.0986972,-0.039426915,0.07517876,0.53987825,1.4606541,1.4674324,-0.68138915,1.5871902,0.5422649,0.85597026,1.8663747,-0.12672985,-0.8719274,4.02021,0.05152369,-0.28848603,-0.7479142,-0.1738611,0.19744112,0.056265656,0.12988117,4.969844,1.5366358,0.47141317,0.78159213,-0.05521993,0.70371276,0.39394358,-1.1335275,0.5200119,2.9122322,-0.89449954,0.5590695,2.0937397,1.0891768,0.27962,0.4784478,0.2549871,1.20053,1.0273926,-0.048308868,0.15734214,-0.82926726,0.7442111,-1.132803,1.589823,0.6371976,1.3277695,0.16022687,-0.9750125,-0.91454375,1.3488835,-0.51363426,-1.0542408,-1.4156678,0.6321742,-0.3907823,-0.4541984,-1.2156192,-0.053111974,1.4021565
2.7885916,-0.3227805,0.36473867,-0.45621586,1.1900508,-0.59233433,1.5987439,-0.37301928,0.2741688,0.43287072,0.691092,-0.06960711,0.65495414,1.1509353,0.5804384,1.1133306,-0.6149408,1.253078,-0.155634,-0.050149344,-0.7724646,-0.98822176,7.2799196,-0.6642452,-0.26981425,1.4613707,-0.46842822,0.1426045,-0.2586023,0.020720467,1.704499,-0.3828586,0.33939883,0.8340113,-0.4027108,0.46431088,0.64333963,0.14854997,0.41394365,1.2302253,1.0983548,3.2591748,0.45506683,-0.012026946,1.672317,-0.2659937,0.9904958,0.82306916,0.09352876,-0.87812877,-0.49805352,2.9334567,-0.24497826,-0.73991066,3.186914,1.5275939,1.0153301,1.3181226,0.27899066,-0.44761056,-0.8213698,-0.20175739,-0.24536878,1.1274567,-0.44385326,-0.7636429,-1.1150361,0.4478677,1.0567777
0.79490566,0.10645053,-0.6894586,-0.7094108,0.9070229,0.9073752,1.9330595,-0.5375955,-0.55377984,1.4356226,0.8226128,-0.46500412,-1.1004287,-1.217688,0.4097454,-1.3146385,1.3100848,0.66917866,-0.8409611,0.56162333,0.15688571,-1.7848537,-0.8293789,5.4210157,-1.3280472,-1.2690074,-2.3510144,-0.05011396,-0.21725184,-1.5494595,-1.4745932,-1.0364003,3.7961142,4.5586414,-0.6321832,0.5424719,0.12613526,0.7407856,-0.9867237,2.7267082,0.78887445,-0.025715675,-0.03653188,2.133686,0.62914413,-0.4762881,0.873372,0.6145275,0.7390084,-0.56142277,0.27824324,-2.2445242,-0.12580098,-1.8489622,-3.2947307,-0.69709456,1.0105932,2.173896,0.20753512,-1.5184772,-1.2921541,-0.16158421,0.90398145,1.068726,0.7470675,-0.8996364,0.05977087,-0.46209607,0.81571394
4.970235,0.7222667,0.84029853,0.41440484,5.8605976,1.081061,1.7437876,0.51589245,0.18934739,0.18650337,-0.6553576,0.36982796,1.3111799,0.17605592,-0.87993103,0.005746308,0.9088814,0.109970495,1.6285549,1.2836753,-0.86117333,1.4933139,0.033493545,-1.2082962,-1.3891182,-1.1941602,-1.2993727,-0.88459265,-0.69626784,1.3836864,-0.12461273,-0.509526,0.2513784,-0.6628164,0.08873324,0.15545136,0.04787922,-0.42017016,1.6193069,-1.7581505,-0.6441458,1.4704969,0.7409263,0.9509346,1.5584242,0.98066926,0.27212784,0.13626574,0.044756893,0.34913835,-0.7036982,0.30325273,-1.1215391,0.87791663,0.16202265,-0.18224373,-0.6355954,-0.49804014,-1.0232531,1.0716662,-0.70049554,-1.6532544,-1.175417,-0.36153522,-0.9285728,0.09719515,-0.17498887,0.21640056,0.87836236
2.255707,1.742111,0.5294464,1.6094829,1.1041955,0.6708182,2.5751414,1.783997,-0.9770475,0.4066346,-0.69039357,1.0836885,0.58788025,-0.50266224,-0.17853211,-0.9710336,-0.20840028,-0.4083576,0.14060628,0.3490845,-1.6078757,-0.3663377,0.9610886,-0.47053495,-0.72825533,5.587785,2.8119335,0.010564993,-1.5810446,-0.8664731,-0.4022729,0.5037668,1.1852797,1.5020088,0.8726255,0.91389966,0.9247745,-1.2499577,0.884441,1.3294593,-0.46385047,1.1806443,1.1753473,1.6141331,1.5817142,1.9821875,-0.5387368,-1.0188321,1.3730396,1.3628107,1.6496124,1.190825,-0.08708824,0.3566499,0.608554,-0.88971174,0.8048579,-0.2947551,-0.69748706,0.2577733,0.7080373,0.64778155,-0.24397996,-1.7924618,-2.276839,1.2609107,-2.0293722,0.7817228,1.5617132
1.5431916,0.84692657,0.9551906,1.9409937,0.34412494,0.09171502,2.0388374,1.5154698,-0.09398544,-1.364852,-0.7806009,0.68215746,-0.17773816,1.0159246,0.0106353825,0.88427055,-0.6799088,0.22289266,-1.0000339,-0.460448,-1.4034482,-0.12057314,-1.3001671,-1.4614437,-0.6442332,3.2114136,5.526401,-0.16398773,-2.0135543,-0.89411366,0.21648479,0.4831583,-0.6713928,1.1621633,0.67703617,0.9731549,-0.26491272,-0.7596357,0.05386309,0.43540946,-0.40319657,0.56736577,0.8435018,0.0050021866,1.4751747,1.7059294,-0.08722544,0.47956362,1.6625345,0.96534157,1.3801937,-0.6005069,-0.08788648,-0.4201309,-0.98171103,-1.7912017,0.66371536,-2.4286447,-1.229146,-1.0342602,0.48538873,0.67468786,-1.6500413,-2.9100907,-2.2270103,0.6087471,-1.929539,0.9704648,1.3530141
4.323129,0.703873,2.2975426,0.92078364,2.7857864,0.9393018,1.4533457,0.81359726,-0.41086996,-1.3040581,-0.6344208,-0.14228861,0.96103835,0.9370721,-0.36454508,1.4764905,0.95092684,-1.037602,2.6497965,-0.8398571,-0.57187265,3.008094,0.70351404,-0.6801995,-0.95249,-0.17550828,-1.7824156,-1.02308,-1.8659172,1.708334,-0.20471376,-0.21331169,0.40865353,-0.5515298,-0.10766392,0.15159562,-1.579973,-0.2628404,3.2621958,-1.3339968,-0.022624044,0.33644104,0.13333316,0.044942267,0.49175876,1.1689527,0.3811645,0.7688481,1.7068306,1.2106358,1.2023029,0.85979486,0.22629574,3.5238452,0.7849727,-0.34439093,0.22540253,-0.3184652,-0.9243304,2.5281112,0.12031603,0.5543304,-0.5352075,-1.1573117,-1.1002605,0.11175746,-0.22657137,0.7627751,1.3240354
4.4013376,0.63913363,1.5437415,1.413975,3.454492,0.3376486,1.6071607,1.5044827,1.7190725,1.2750132,-0.48871717,0.80242336,-1.1000777,-0.9733256,-0.67292696,-0.26066384,0.3537145,-0.12393733,2.3781886,0.3087873,0.0047485647,3.0025852,0.74410003,0.53944474,-0.74760914,-1.8331238,-2.5703275,-1.7173812,1.3726197,1.0324954,-1.5264513,-0.096187845,-0.39175195,0.58537245,0.45151702,-0.51992404,-0.21947692,0.3794642,2.5009818,-0.71945655,-0.3640509,0.12683529,0.9159748,-0.8585891,0.20499445,1.2631891,3.107645,3.8993416,1.4298824,2.0767014,0.3400973,0.7189064,-0.043541864,3.1227164,1.1348337,1.460988,-1.4400136,0.31109878,-1.5418347,1.4315925,0.12536347,-0.84922916,0.64737004,1.9950857,-0.4694738,0.16804355,0.015465269,0.75734895,1.2790221
4.1241446,0.045428395,2.4127429,0.9202811,4.4942966,0.9868383,1.8809117,0.7653039,1.2145317,0.17764464,-0.30726102,0.27615255,1.3862456,1.0562451,-0.9823494,1.6358048,1.087858,1.1436336,2.575901,0.76728106,-0.30062404,4.9255385,0.9975823,0.1355114,-0.8769643,-0.65834945,-0.5490836,-1.34736,-1.6698802,3.3431892,0.22281554,-0.6966264,-0.037942395,-0.5410136,0.15037325,-0.526708,-1.4984186,-0.6109072,1.9491482,-1.5558553,-0.5988691,1.0998203,0.19779944,-0.23730622,-0.19050886,0.25536174,1.3927686,1.5132025,0.8899209,1.2611719,0.17809801,1.5631554,-0.44075555,2.4652793,1.3930489,1.7151947,0.06736802,-1.1145548,-1.4773463,1.0317086,-0.73582685,-1.1961579,-1.2085595,0.37006083,-0.82493377,-0.48061448,-0.90545434,0.35729685,1.4414246
0.9707815,-1.1857749,1.2415739,-0.9993124,3.3603241,-1.2976764,2.0515373,-0.69830114,2.5981452,1.6857502,1.1970067,-0.52735376,0.7963236,-0.56898606,0.22187163,-0.5181716,-1.4050004,1.0261054,1.7176685,-0.3324692,0.70781815,2.3420436,1.4233423,-0.5520596,-0.46275955,-0.83084095,-0.54014933,-1.8478873,-2.1936429,0.95793974,5.7729187,-2.6440268,-0.7116076,-0.47957805,-1.6935067,-1.5536172,1.3050114,-0.0107629895,0.6895595,-1.5108784,-0.03252523,3.4434037,-1.4065849,0.48701364,-0.6157488,-1.2963357,0.81618184,0.48950484,-0.37101072,-0.28461498,0.24255516,1.8906571,0.67650586,1.5556731,3.5722349,2.9261034,1.1913801,1.6251435,-0.04915763,0.5128601,-2.1970248,-1.659933,1.2327892,-0.87510574,0.17428315,-2.0506017,-1.2606016,-0.641903,1.2626691
3.1447904,2.3609278,-0.33945754,4.478548,0.5609546,1.003732,1.3833138,4.636959,-0.4761263,0.38605458,-0.14612153,4.6291976,0.19930018,0.098837465,-0.341847,-0.053878255,-0.11942987,1.1072505,-0.030297436,1.1280085,-0.36615533,-0.52576673,0.09227054,-0.5620719,0.41519925,1.0692743,1.7884789,0.4653739,-0.9168934,-1.6336085,-1.9483925,2.881585,-2.0135858,-0.6553325,3.979809,0.8318038,-0.090152085,-0.97047985,-0.8216634,-0.6412625,-0.6852148,-0.46345067,4.065821,0.031847402,0.91674936,4.0104823,-0.9389848,-1.1893941,1.3747759,4.6819873,1.1159865,0.34241253,0.5808075,0.0028674814,-0.6419945,0.52664745,0.49597293,-0.6425275,-0.62395257,-1.0399413,3.238729,-0.48888016,-1.6812189,-2.3208823,-1.6061639,3.8040698,-1.5941377,1.0205508,0.88179564
3.0828671,-0.5180453,-0.90610117,-1.0269067,1.9019077,1.3278561,2.284786,-0.5921841,-1.798391,-0.4006796,0.77243394,-0.9341957,2.5999277,-0.7100793,0.8459421,-0.84146047,2.3742073,-0.21451934,0.58437544,-0.6648541,1.1192116,0.39715967,0.2781507,3.2944694,0.812487,0.86217505,-1.1629418,1.1078284,-0.2563623,-0.70997095,-1.7380819,-1.8771162,6.682137,3.5810378,-1.468203,1.2943668,-0.16286221,0.6495429,0.058131102,0.19498171,0.30979446,-0.29561928,-1.561513,1.2451812,1.7794493,-0.9767038,-1.0092194,-0.33691487,1.7856293,-0.56709546,2.2106051,-0.69002736,1.3834158,0.64699346,0.21370567,-0.46960002,3.8138015,3.068239,0.78456676,0.2109803,-1.1753969,1.1673521,-0.19029965,-0.4929464,0.3187182,-1.1359204,1.8451177,2.1644385,1.6766177
0.8302159,-0.051072493,0.05926816,-0.90491223,-1.2861264,0.24690734,2.2961493,-0.06114239,-0.5462266,2.2856526,0.6706039,-0.5474679,1.0129048,-1.0844386,0.8020516,-1.2241632,1.6249305,0.59751755,-0.7075018,-0.32637385,0.38617992,-1.8343493,-0.037857007,3.685852,0.25246766,1.1573124,-0.4981472,0.13579607,-0.4826467,-2.4002748,-1.6806303,-1.5192449,3.4087336,6.15342,-1.4204046,-0.033013314,0.31319025,0.4053118,-0.50168604,3.2734365,0.11268852,-1.6598613,-1.2380064,0.42252427,0.24933188,-0.6869439,-0.9650213,-0.058783833,0.7263598,-0.52482194,1.4550979,-0.94189066,1.2489455,0.10014452,-1.118154,-0.47861543,1.2527431,2.1137364,0.6773494,-0.36703968,-0.6091874,1.0083368,2.626246,0.11490583,0.021078188,-0.7200169,1.0284829,0.76266855,1.8125833
3.3204622,3.1182525,0.12874727,4.5706162,0.15723501,0.53824127,1.0224974,4.724804,-0.09035183,0.5629017,-0.1955965,4.5231366,0.18524002,0.47577173,0.49102628,0.509463,0.10074462,1.0450664,-0.46590638,0.71067625,-0.40597656,-0.43506926,0.09443257,-0.3651192,0.7733235,1.2980483,1.7105532,0.3524406,-0.7116527,-0.8321735,-0.96431583,3.730087,-1.69976,-0.79377806,3.347422,-0.12398912,-0.3531214,-0.8884763,-0.47536632,-0.4412363,-0.62832105,-0.8065611,3.7230494,-0.47085705,0.6520927,4.3204217,-0.43719858,-1.0223491,0.9846143,4.096095,0.27611265,-0.10381214,0.57857966,0.37870267,-0.5687334,0.65278333,0.4728035,-0.5919786,-0.19524854,-0.13582693,4.403474,0.3344707,-0.7593235,-2.0614045,-1.4993538,4.0379477,-1.2246758,0.892521,0.84226465
4.6337676,0.9515047,2.379767,0.451868,2.5396411,0.7892483,1.1686356,0.5589558,-0.22245695,-0.8144073,-0.1729491,0.18147379,1.6109529,1.5066342,0.02652497,2.066308,1.3739895,-0.48447534,3.0194643,-0.6789799,-0.49438116,3.022246,0.9152504,-0.49693102,-0.46321627,0.36216265,-1.0648632,-0.4044299,-1.3457367,2.2924485,0.25477996,-0.18305571,0.30399916,-0.9852812,-1.0098815,-1.050047,-2.5633907,-1.2453316,2.544452,-1.8037553,-0.5957825,0.009636597,-0.38229093,-0.3291142,-0.40175444,0.34459013,-0.008297795,0.2313511,0.83988565,0.6726564,0.87084186,0.67814595,0.040544406,3.7815518,1.1663629,0.5355086,1.0929428,0.7178414,0.055514436,3.7056737,0.9394643,1.5153862,0.48660722,-0.31061706,-0.37513715,0.23554216,-0.48447287,0.49474788,1.4511156
1.0809087,0.3178347,-0.50851583,0.4469373,1.5411551,-0.56677115,1.5139134,0.43657386,2.7068472,4.560929,0.42851412,0.8148566,-0.282978,-2.224455,0.22145703,-1.885834,1.5651315,0.888639,-0.33718076,0.7878292,-0.6728584,-1.0659583,0.62237483,0.5304499,-0.29440585,0.032910418,-1.3862007,-0.3139831,-0.4068397,-1.708914,0.7465805,-0.36205396,0.20028259,0.30988476,-0.3405684,-0.9627618,5.268723,-1.5254737,-1.6199559,1.1374773,-0.5801403,1.1450896,-0.10127254,0.22066182,0.19169964,-0.24728681,-0.069204055,0.4898064,0.46316907,0.42985335,-0.006199131,-0.8886373,-0.21198797,-0.7179819,2.493277,3.136569,1.4157176,0.079224266,-0.24845664,-1.042028,0.18202154,-0.10576192,2.671617,0.9348264,-0.70777875,0.04788026,-0.5888701,0.7086027,1.21714
4.4852276,-0.12375414,1.3015403,-0.36305225,2.4263554,0.13260123,0.26074,-0.56493217,1.2476761,0.7429605,-0.22782417,-0.2981078,0.5227637,0.7051044,-0.56651944,1.401929,1.6427807,0.75120974,2.9139652,-0.080771394,1.0684822,2.4408402,0.43774757,0.6650132,-0.7201563,-0.21472242,-0.93029624,-0.5729368,-0.54752463,1.586681,-0.61763895,-0.9158897,0.93510795,0.80750734,-0.8663856,-1.3425429,-1.150019,-0.44567332,0.7652349,-1.251357,-1.0708132,-0.55400395,-0.6716699,0.044712827,-0.58016735,-0.9310344,0.0073953625,0.8876241,-0.027525788,-0.065547556,0.49642378,0.31590316,-0.8540016,2.00103,1.1914837,1.8508477,0.7673555,0.91970694,-0.41527882,2.0655293,-0.25792357,0.72248775,0.46749896,1.432608,1.2260098,-0.51942116,-0.08750727,0.074088894,0.33375138
4.2989116,1.19545,1.2551762,1.357027,2.847457,-0.21715394,0.73636055,1.1701496,0.9440232,0.06684004,-0.21869044,1.6107225,0.022619002,0.21979706,-0.34086984,0.6571286,0.3587764,0.79401714,3.9744143,0.68333334,0.5727812,2.44523,1.3032757,-0.2413451,-0.32152024,0.93954396,0.21947691,0.19902563,0.042655192,1.519929,0.1485243,0.7022647,0.4232723,0.7052125,1.0025744,-0.5469076,-0.6100644,-1.386772,1.3461063,-1.7775102,-1.2293183,-0.28082743,1.2274171,0.13754645,0.55155903,1.2060342,-1.0345256,0.7612338,0.36598626,1.7311617,0.94625163,1.0071131,-0.41565365,2.6506085,1.3188459,1.6695975,0.9251898,1.282207,0.088621035,3.0846498,1.4940279,0.80737954,0.94527125,1.8140616,0.47943583,1.6300973,-0.2037654,0.7551625,0.4967833
-0.5765865,0.81924653,-0.05909509,-0.31419122,-2.4632494,1.683108,2.0659974,-0.080274925,-1.8315163,2.819252,0.7395458,-0.04783988,0.20473062,-0.51651186,0.7835403,-0.59945494,2.3776212,1.8929008,-0.90322053,1.256357,0.41886762,-1.2452219,1.1120024,2.5240045,-0.28714666,0.76370895,-0.026085366,1.4416087,0.06921261,-1.9224963,-2.0719695,-0.7275848,0.82006854,3.6746972,-0.41778332,1.004458,1.2046491,-0.8725644,-2.4054582,6.718383,-0.27297607,-1.7674147,-0.54040605,0.45735613,1.0461755,-0.6454587,-0.37557906,-0.83061916,1.4302557,0.013124535,2.5748825,-1.141762,0.7784773,-1.7576334,-1.0573629,0.57806396,0.36579993,-0.19994485,1.0402875,-1.3962266,0.03475646,2.597496,2.0823488,1.6823211,0.77934057,0.4281898,0.6078666,1.709045,1.6854547
4.7364206,-0.2858355,1.0003892,-0.8275038,2.5462599,0.22350632,1.1366252,-0.698573,-0.42897707,0.08532038,-0.7666405,-0.79504794,1.0889964,0.6311967,-0.43737957,0.73569,1.6149336,-0.7060311,2.6624558,0.14311858,0.34408376,2.356845,1.1142159,0.52062577,-0.8790732,0.53170997,-0.11785759,0.1620315,-0.7604998,1.1624337,0.51731014,-1.2983696,0.2679677,-0.38277286,-1.2943999,-0.18474753,-0.31628066,-1.3925709,0.89302236,-1.5819948,-1.834846,-0.73933065,-1.9236438,0.18498388,0.14699766,-0.9137027,-1.2747874,-0.51365554,-0.14452597,-0.9060549,0.59320885,0.39337108,-0.49266368,1.8244499,0.776387,0.08822108,0.17114143,0.21267776,-0.29001305,2.2254088,-0.3946216,0.7413711,-0.48503363,-0.8625548,-0.2802634,0.029065747,-0.019212235,1.3898672,1.2548107
1.662301,-0.2821472,0.1286831,-0.47777578,2.677015,0.25292018,1.8791597,-0.50444794,1.3350717,1.4300139,-0.13753562,-0.696661,2.7893167,0.8645296,0.24948435,0.71098673,0.095436774,0.9650137,0.040082555,1.2503493,0.78872323,2.4004123,2.7227283,0.43224946,0.91702527,1.2375935,0.07992074,-0.43549082,-0.8235841,1.127927,3.2881746,-1.2750612,0.39677805,-1.0114851,-1.6234815,-0.7314837,0.9419935,-0.5468179,-0.68115896,-1.8918598,-1.3154078,5.5917635,-2.484145,0.4110835,0.058311455,-1.0899332,1.2850765,-0.39354235,-0.6569906,-1.2848159,0.33354527,0.3044311,0.039681405,-0.1764634,2.4308515,0.31486657,0.8760058,-0.62600857,-0.12696625,-0.02264868,-0.71440107,0.37784755,0.058252115,0.072406836,0.06990604,-0.38764915,1.2877123,1.7236074,1.9513912
3.1567986,2.8008015,0.227791,4.651341,0.15180168,0.63127756,1.0218164,4.496848,-0.59784865,0.21132721,-0.6114065,3.8498278,-0.65971094,-0.012279809,0.108875215,0.17568022,-0.16141933,0.8966337,-0.41417646,1.1174213,0.11045863,0.035716094,1.1028268,0.6698075,1.639367,1.7476084,2.233439,0.93874407,0.042299137,-0.83736795,-0.7078926,4.0415964,-1.4754517,-0.33469748,3.967882,0.7949008,-0.000379989,-0.6083966,-0.54947895,-0.44663757,-0.9534683,-1.7172513,2.7741482,-1.4524422,-0.028953837,3.5526724,-0.9414337,-1.373797,0.7781572,3.7532,0.18573122,-0.40947792,0.48434123,-0.008921615,-0.9093209,0.23087445,-0.050368756,-1.039039,-0.49722403,-0.5756886,4.2699423,0.5400761,-0.6640516,-1.786582,-1.0292958,4.5521383,-0.17008771,2.2914512,1.5659043
1.4331623,-0.29162914,0.59066063,0.011232095,0.8948923,0.18412265,1.84345,-0.049624115,0.6255035,1.1738137,0.6434194,-0.62244123,1.8319911,-1.1414891,0.69438237,-0.86353153,3.4106975,2.1167924,-0.9248442,0.070159964,0.3477464,0.042201333,0.638315,2.434751,1.6487993,1.703751,0.027852727,0.13933077,-1.077206,-0.7692061,0.81685877,-0.2912597,1.8871275,0.55360746,-0.52422947,-0.01118777,0.48078883,-0.085533,-0.8906965,0.03603022,0.25382382,0.85249776,-1.7610554,5.172225,-0.6383875,-1.3130993,-0.43382668,-1.6088322,-0.028890405,-0.5600118,0.7734186,-0.73627174,0.45934787,-0.92800695,0.26707163,0.3601961,1.6454661,1.681959,0.05280329,-1.4303411,-0.46987346,1.0753106,0.08197967,-1.6573148,-0.1646811,-0.3747345,0.11643858,1.8023033,2.1001823
5.2081513,0.33498722,2.535026,0.67098397,2.949162,1.7543583,0.711285,0.7144896,-0.39398938,-0.65873325,-0.29204756,0.062024944,0.5000105,1.286289,-0.75122833,1.9856265,0.20472299,-0.39470157,3.7354445,-0.7160114,-0.42268685,3.3243926,1.1266903,0.471763,0.23727433,0.88616294,-0.011923553,0.503917,-0.74187016,2.7234435,0.5307073,0.2871592,0.31607145,-0.57635206,0.19344352,0.1878507,-2.0782354,-0.5631342,3.3826241,-1.4905102,-0.6437863,-0.29054213,-0.85165757,-1.9229416,-1.5812656,-0.88243043,-1.4959577,-1.4242938,0.36309412,0.2579441,0.7197072,0.15884516,-0.83848095,3.7115362,1.158803,0.77770394,0.15455242,-0.651618,-1.1429428,3.057035,0.06862803,1.2819985,0.0022894708,-0.9178606,-0.24204071,0.18112537,-0.6490928,1.4043369,1.6279497
2.9026911,2.2500381,-0.29592103,4.6208944,0.7208794,0.80834335,0.99209607,4.3388863,-0.436979,0.7700289,0.17879872,4.385437,-0.6693234,-0.4997285,-0.35602123,-0.14094394,-0.15471244,1.7047324,-0.042909402,0.938645,-0.71978456,-0.9810838,0.2748497,0.23569125,1.734188,2.45745,3.114331,1.5764422,0.17721923,-0.9811147,-0.73241997,4.0409484,-1.0166259,0.344255,4.6656513,1.1026671,-0.05463362,-1.0469801,-0.8117696,-0.3720137,-0.16367465,-0.39379126,3.6919904,-1.0541766,-0.46728912,2.631221,-2.0937004,-1.9087206,0.45938367,3.7695754,-0.13371025,-1.0282657,-0.37555385,-0.8823693,-1.0918525,0.53855276,0.5755665,-0.7083111,-0.71468985,-1.3497783,3.440795,0.009220036,-0.71532506,-1.5651845,-1.1039767,3.864335,-1.2357613,1.4703271,1.4002612
3.539012,-0.50005656,0.3669492,-0.24673024,1.4493628,1.983837,1.1954013,-0.27485785,1.1881442,1.3820555,-0.54181194,0.2063794,1.3534658,0.51686317,-1.4199173,0.4579643,1.6529139,1.0548471,0.6998307,1.5080804,0.13757426,2.2247958,1.4211857,1.3660436,-0.73296785,-1.1504108,-0.15532531,0.17783587,2.5392182,1.8803484,0.24179803,-0.6339082,-0.6709543,-0.6163177,-0.22112972,-0.15049629,-0.5291706,-0.123433776,0.114106454,-0.601202,-1.4898231,0.920642,-0.78943825,-0.73071074,-0.67029005,-1.6277624,4.796388,1.641347,-1.3104236,-0.90553206,-1.2965939,-0.6042169,-1.9078778,-0.38159263,-0.54556733,0.49123606,-0.45328882,-0.54133123,-1.6316265,-0.3398197,-1.1240163,-1.2283347,-0.8181085,2.4460764,0.2582942,-0.66702044,0.010183189,0.8771254,1.4445659
2.3544822,-1.1180845,1.3110167,-1.0797745,1.7588644,-0.20026398,1.2685705,-0.77167326,1.9607958,0.5894927,0.21422985,-0.26558724,-1.4232223,0.33688125,-0.24046597,0.12559955,0.9942145,-0.32710865,0.2679958,-0.6279866,0.49851444,0.68989587,0.888142,1.4502052,-0.15638185,-0.6399451,0.4742465,1.3591899,3.4760761,1.2151392,-0.35858566,-0.6433258,-0.07093292,1.8718958,-0.31928563,1.1606655,0.8953313,0.7204867,0.30973628,-0.21590817,-0.24284635,-0.20345077,-0.7173017,-0.9838828,0.9595912,-1.4090955,1.2934604,5.387885,-0.81873775,-1.7961981,-0.89473164,-1.6518779,-0.6686405,-0.5615166,-0.97452164,-0.8950952,-0.45538923,-0.6547167,-0.025434766,-0.10385187,-0.94906235,-0.5771795,0.33559108,3.4214284,0.6641052,-0.6860612,0.23142217,1.4391716,1.4556935
4.177208,0.26852232,1.4714615,-0.15187556,1.9971823,0.87764764,1.1185852,0.10311097,-0.86456865,-1.4086266,-0.12871365,0.22259831,1.524981,1.500863,-0.045959592,1.2428101,0.21470162,-0.7607615,3.0844717,-0.4956151,0.21186647,2.8286586,0.687015,-0.2723484,-0.045055,1.2025346,-0.041245192,1.420839,0.923324,3.8878267,1.3710204,0.48325422,0.61280906,-0.26295775,0.28832278,1.049703,-1.0824409,0.42793852,3.3449805,-1.5929723,-0.19179323,-0.16382113,-0.1941638,-0.3846545,0.098174125,-0.16762677,-1.5361822,-1.4783788,-0.6415497,-0.83670926,0.019974634,0.3091236,-0.5216459,2.5393398,-0.053110845,-0.60667133,0.16295302,0.45590428,0.27397615,3.5414088,0.30094245,0.8056397,-0.69006586,-0.8708616,0.30673683,0.6636537,-0.36431015,0.69914,1.657951
2.5377572,2.4854398,-0.34045222,4.167251,-0.02292049,0.520477,0.8619325,3.9568167,-0.9697016,0.16047986,-0.10987263,4.084359,-0.21092668,0.18536589,0.68710744,0.047904458,-0.105300136,1.2721118,-0.62063795,0.88580275,-0.1402903,-1.1072948,-0.3388032,-0.1070212,1.4054056,1.8416234,2.4110293,1.7462581,1.1927476,0.037551954,0.2138533,4.580587,-0.731347,0.2789539,4.3284025,1.5890844,0.6063723,0.21441193,-0.039819706,0.17300868,0.1588033,-0.73964655,3.7744775,-0.32875437,0.84622025,3.5566833,-1.3650948,-2.0829918,-0.024616512,2.568396,-0.76048416,-1.2029182,-0.23690252,-1.2143154,-1.6757038,-0.46716425,-0.47932273,-1.033042,-0.26067212,-0.78177965,3.7843337,0.15671428,-1.299356,-2.3978446,-1.1588054,3.9821668,-0.9348494,0.8699302,0.9112644
4.333206,0.51781887,2.1687675,-0.12519006,0.62991375,1.5699717,1.3860543,-0.13808125,-1.5294635,0.27153128,0.33673587,-0.30173853,1.6259284,0.9607532,0.84249496,1.0893596,1.1197782,0.48112768,2.4633336,-1.1682416,-0.35197878,0.7568643,0.030894982,0.38652503,-0.31750253,1.4673567,-0.37593916,0.5435627,-0.08379498,1.8032637,0.75862545,0.6331089,1.8995159,1.421596,-0.001437108,0.6224626,-0.67647886,0.66950524,3.3683395,0.86571366,0.7921091,-0.38317913,-0.40141597,0.18082537,-0.13672566,-0.37302554,-1.2881658,-1.8714156,-0.48090094,-1.1849325,3.7660913,-1.8551338,-0.6882345,1.6998119,0.31271827,-1.2701308,-0.890981,-0.15001686,-0.2627982,2.3896568,-0.39615184,4.93289,0.011136929,-1.6442316,-0.32678768,-0.32251394,-0.60399723,0.11868834,1.5449878
2.221245,0.72877246,1.7289659,0.6760485,2.6768212,-0.022158127,1.8445798,0.22679275,0.4056713,-0.21835537,0.6572348,0.05550325,-0.27607536,1.2007444,0.9237393,1.5996584,-0.30350208,1.4894329,1.8885723,-0.7864563,0.058538444,2.4743636,4.1962347,-1.2241396,0.24019837,2.7987554,0.9758227,0.17063844,0.15028225,3.3025439,2.9780915,0.9097937,0.53573096,0.9577005,0.4255133,-0.05312672,-0.17172484,0.26862723,2.0389495,-0.7669125,0.7998538,1.520153,0.15948214,-0.13970529,-0.11715809,-0.2935887,-0.19621235,-0.38428527,-0.8208752,-0.7065477,-1.6454737,5.334925,-0.5430813,0.7149286,3.8684578,2.7273245,-0.5818113,0.9593208,-0.04484892,1.1754422,-0.029837793,-0.69521624,-0.886415,-0.008983657,-0.19000381,-0.007695827,-1.2063699,0.15822832,1.5913959
4.4707007,0.2059602,1.1564143,0.124327295,3.3303137,0.24768387,1.0458406,-0.22335775,-0.29016852,0.5351097,-0.20199564,-0.1902968,0.38918227,-0.04045324,-0.5830627,0.4106167,1.5513595,-0.4486703,2.3441398,-0.5171379,-1.0848666,1.1524256,-0.07919081,0.042862307,-1.0895067,0.9071261,0.22923814,0.5780901,-0.31769127,1.7534993,1.2427158,0.2967897,1.5264417,0.98046273,0.4182783,0.71238863,0.3875192,-0.79774535,1.8734423,-0.3455319,-0.1065911,0.88473856,-0.09470067,0.64977664,0.06163372,-0.7411807,-1.5065743,-0.73182166,-0.32805297,-0.84827805,-0.7417568,-0.82697004,-1.8825073,0.46968162,-0.021478346,-0.0781909,-0.29645246,-0.44173914,-1.2313879,0.9356217,-0.84464794,-0.14826629,-0.5793626,-0.82702345,-0.90919805,-0.36300644,-0.93903446,0.33532968,0.8852335
4.1824765,1.4424132,1.2556688,1.6115274,3.282213,-0.17292811,0.97038764,1.3259708,0.8344778,-0.065527804,-0.12401793,1.5947655,-0.43752146,0.043509744,-0.3311886,0.19189358,-0.41056052,0.24703318,3.3982294,0.08186139,0.0026116995,1.6293582,0.5154476,-0.4638669,-0.5599712,0.7963434,0.075500764,0.73446035,1.1179165,2.4636946,1.0991528,1.8496,1.3037603,1.6152189,2.3350444,1.0226914,0.7428071,0.32746813,2.899207,-0.82348156,0.056692623,0.41082755,2.1029863,0.53282565,1.0391134,1.4659487,-1.2983822,0.09392516,-0.33404428,0.85447085,-0.4526074,0.086312845,-1.3617238,1.4569012,0.095998205,0.43277806,-0.46301547,0.29307356,-0.7024054,2.1369781,0.6556813,-0.44806606,0.042365856,1.0499227,0.03042524,1.3900112,-0.4226415,0.30546603,0.49188063
2.0052123,0.101046935,0.37612632,-0.46249592,2.6590648,0.029407514,1.7869705,-0.47464052,0.39294997,1.0736783,0.46157262,-0.18399642,1.0156391,0.037967,0.49352664,-0.46892628,-0.705341,-0.13295186,0.90031546,-2.0641713,0.5828591,1.5332803,2.81963,-2.4873765,-1.2944417,0.17536215,-1.6463956,-0.20287548,0.13761407,2.089968,3.2554975,-0.5145771,0.70231736,-0.59853435,-0.23753977,0.057145268,3.0298944,0.5240113,0.5110838,-0.87643945,-0.18500182,2.3658884,-0.55843145,0.3395201,1.1566329,-0.69079065,-0.579451,-0.8360109,-1.6047364,-1.4999121,0.16339694,2.5016732,-0.8372899,-0.9173553,6.0051517,2.7819061,-0.24262899,0.98357165,-0.24394388,-0.01833583,-1.3326507,-0.11262426,-1.3504277,-0.6797351,0.2648737,-0.42813936,-0.13869026,0.81697696,1.0665374
1.2694203,0.22706164,-1.0376021,0.102782354,3.0194292,-0.25828534,1.252021,0.28125915,0.5692045,1.9019974,-0.3379262,0.1266144,-0.5666147,-0.7258392,0.13171078,-1.1655267,-0.524703,0.72789526,0.23126042,0.35423163,0.7943754,1.0352333,0.8923098,0.049354907,-0.6631885,-1.6523937,-2.2375429,-0.97866946,0.26822966,1.2032069,2.7413478,0.15375161,-0.068705015,-0.011979859,0.49993354,-0.11001513,3.536443,1.261445,0.60105103,1.1816069,-0.6483255,-0.28242335,-0.0206464,0.061232675,0.9786424,0.34710532,0.56812567,-0.902128,-1.5939014,-0.81363326,-1.9285982,1.1022418,-0.76036114,-0.807046,2.3919692,5.269657,-0.63590103,-0.07054333,-1.0023289,-0.67128617,-0.82769996,-2.5572348,-2.6956143,-1.5571597,-0.14610636,0.22289312,-1.4119412,0.59046984,0.49213842
2.8186023,-0.061215643,-0.17734717,-0.27281645,1.7504145,0.71196204,1.2473172,-0.05969833,-1.8586729,-0.7723992,-0.34150508,-0.55947864,1.1724004,-0.5336063,0.5918608,-0.75222695,2.0934796,-0.48085594,-0.9878758,-1.1183358,0.08406866,-1.1229953,0.8707183,1.5465657,0.11154244,0.7806535,0.05974394,0.62058854,-0.8669871,-1.2824738,0.040802795,-0.20305553,3.6297634,1.9099646,-0.07615857,1.6272466,1.5959499,0.71029824,-0.05080321,0.7161129,0.14109537,-0.38420725,-0.81918013,1.3841444,1.0046816,-0.1695083,-0.36828306,-1.1064663,0.41190925,-1.2314887,-0.09047481,-2.1732557,-0.3692616,-1.780442,-1.3222413,-1.456533,4.945638,0.10591641,-0.9191764,-1.790938,-1.2276319,-0.45654753,-1.730094,-2.7254894,-1.4123181,-0.901995,-0.38177896,0.34283304,0.42760032
-0.034648877,-1.6001785,-0.82849234,-1.3464245,0.7461352,-0.5737474,1.3667538,-1.4263927,-0.3881263,0.016818052,0.7649708,-2.0557108,0.5391818,-2.0787935,0.9393485,-1.9430549,-0.29398212,1.307298,-1.0779302,-0.5083751,0.7850347,-1.0984781,0.9602581,2.1311374,0.19062817,-0.50663203,-2.5806086,-1.6960838,-0.933458,-1.5689108,1.3784381,-1.6483151,3.525147,2.6104138,-1.2535219,-0.44185615,0.6965081,1.5849878,-0.45812124,-0.5620512,1.1183668,-0.26229343,-1.970899,1.7262547,-0.49075884,-1.8141356,-0.7830794,-1.1937015,-0.8270792,-2.007189,-1.283117,0.19510287,0.19089371,-1.8093239,0.5725248,-0.19488417,0.07696148,5.892343,-0.7569317,-2.549874,-2.8936913,-1.7916616,-0.8280704,-2.5821342,-0.511551,-2.5004244,0.6735798,-0.26599964,0.3618722
4.6062217,-0.59224135,1.3785383,-0.008605096,3.5854614,0.15978952,1.4937252,-0.023195278,0.17104933,0.70707643,-0.40391293,-0.8359324,0.22663891,-0.24739331,-0.6163712,0.43305072,1.6876404,-0.6091107,2.0012136,-0.69230473,-1.1711388,1.3555431,0.64676124,0.74039584,-0.7132817,0.41435385,-0.54079306,-0.44840327,-1.2602248,0.64914757,0.4220644,-0.5794038,1.1684324,0.7114881,-0.065120615,0.8319185,0.5351543,-0.23797579,2.6292372,0.0781932,0.19563583,0.78559875,-0.816183,0.38760784,0.004830472,-0.78436583,-0.941887,0.15027392,0.53409934,-0.61673987,-0.2986517,-0.38416952,-1.0659978,1.3979111,0.5229652,-0.2949704,-0.6609265,-1.3313873,-2.1140587,0.13898648,-1.8164028,-0.85747474,-1.4015255,-1.880299,-2.1672492,-1.4027876,-1.0132058,0.7056344,1.2293416
4.217178,0.7039982,1.3146026,1.7679012,3.571498,0.041454166,1.371778,1.8754172,1.2055694,0.24475442,-0.12178151,1.3378766,-0.5833984,-0.51145035,-0.6430645,-0.01836424,-0.32194498,0.24574403,2.9134247,-0.254189,-0.7034663,1.4277067,0.81489825,0.082595326,-0.1177852,0.6977252,-0.37584293,-0.3195413,-0.20055978,1.021674,0.048822016,1.098349,0.9684199,1.3403968,2.0926118,0.8743549,0.65144134,0.4377831,3.4552515,-0.3839215,0.50749105,0.68616664,1.761591,0.13536221,0.46899563,1.2933054,-1.0362301,0.52888787,0.5703853,1.5687873,0.16000581,0.38745967,-0.7271599,2.2724333,0.86132014,0.54943156,-0.3524673,-0.3408143,-1.8281524,0.9927891,-0.29909828,-1.1478043,-0.8246844,-0.2289109,-1.5587918,0.24840935,-0.90216005,0.44238245,0.8565171
2.8375275,2.2185633,-0.2226725,4.4517007,0.8880957,1.0058571,1.3915404,4.4826503,-0.65929425,0.6713009,-0.04085642,4.336848,-0.57967645,-0.5148603,-0.5976221,-0.53993464,-0.13297793,1.1222082,-0.2907207,0.8427338,-1.070165,-1.2775906,-0.39574185,-0.30838686,0.25275904,1.2037183,1.7508076,0.69236094,-0.60549086,-1.563939,-1.5685514,3.3723547,-1.1322912,0.32126564,4.8394723,1.8164985,0.8046462,-0.23631518,0.036891114,0.30399776,0.27613875,0.13129573,4.438671,0.16336645,0.74467003,3.5852072,-1.243253,-1.6533042,0.9995298,4.066389,0.10569117,-0.5352824,-0.38977766,-1.0957054,-1.5216831,-0.40587595,-0.2915215,-1.4908522,-1.7036103,-2.3586187,2.022897,-1.6255273,-2.206415,-2.9590776,-2.4138417,2.9251351,-2.015645,0.41898647,0.6610387
4.240853,0.0009843851,1.9314265,-0.43755668,0.6394647,2.0408905,1.925514,0.15247151,-1.6650093,0.28083965,0.44722363,-0.10870233,1.9022368,0.98906845,0.16647002,0.68181914,0.7270874,0.30673388,2.4673483,-0.91902995,-0.4035046,0.7006373,0.21900348,0.034122787,-1.124737,0.5493521,-1.075939,-0.061309963,-1.1123978,0.4720953,-0.96681225,-0.9100791,0.8771241,0.9022572,0.021234272,1.1521944,-0.4059454,0.8471629,3.3503919,0.8896002,0.7406872,-0.004716798,-0.095795296,0.92110914,0.5434637,-0.0764008,-1.1311927,-1.8177096,0.29884344,-0.18456739,5.006027,-0.6912245,-0.007391588,1.9653592,0.41366202,-1.6926163,-0.8600888,-0.34553516,-0.80398923,1.3293678,-1.9480667,3.4523675,-1.2631007,-2.652083,-1.2107885,-1.1917577,-1.2108927,-0.13114795,1.2538793
0.4186602,-0.111750044,2.4918964,-0.47005433,-1.123611,-0.09564756,2.909433,0.35835052,2.1404576,3.351551,0.74795854,0.4491669,0.24532421,-1.1022235,0.48207486,-1.5232335,0.070992425,1.1401628,-0.28179437,1.0384742,-0.51128954,-1.4324292,0.70827574,1.7595038,-0.38522235,-0.36483556,-1.4615741,0.25128964,0.7011968,-1.7580193,0.15560058,-1.1119881,0.8921249,2.869936,-0.04951606,1.2593936,3.6769302,0.5130936,0.82540846,2.42884,0.6746904,0.34883106,-0.018914068,0.8790223,0.65820175,-0.015231866,0.3258923,0.3523568,0.6696617,-0.21680601,0.9054072,-1.1682917,0.5347193,-0.08296562,-1.295873,-2.6708102,-0.6221707,0.15539084,-0.47981653,-1.2114985,-1.6387845,-0.6979991,5.0316467,-0.0038348844,-1.766967,-1.3083789,0.17891082,-0.52748966,1.7396599
1.6573977,-1.8342335,0.34387407,-1.3763365,0.1976024,0.8307485,1.1815513,-0.71008265,2.7896914,1.247657,-0.52446383,-0.83155555,-0.4112977,0.3079018,-0.19176494,0.34831768,0.88181424,0.9558866,-0.032611124,1.4931449,0.044092245,1.0166117,1.9956825,2.2012312,-0.10561509,-0.9561086,-1.5659996,-0.28966013,1.9461055,0.7104934,-1.9586152,-1.3158468,0.4349158,1.5833865,-0.95796114,0.7945563,1.0754496,1.3640041,1.6255009,1.7929595,0.21123612,0.5675245,-0.68511033,-0.41654435,1.6269189,-0.67637265,2.3902254,4.287338,0.2150735,-1.6092783,-0.5225971,-0.21953951,-0.210402,0.6063992,-0.53839916,-1.1941457,-1.5567936,-1.9328988,-1.4885356,-0.84472907,-2.0674944,-1.3103071,-0.692926,3.5993588,-1.6147767,-2.2068195,-0.0035368083,0.51115054,0.72575724
4.121753,-1.1436441,1.1231142,-0.9281012,2.0634415,0.066198334,0.55859816,-0.3016597,1.5971429,0.7917711,-0.35779342,-0.839941,0.29146978,0.8462391,-0.1231074,1.2664071,1.2893585,0.02323653,1.5229207,-1.0666496,0.4820611,1.8644551,0.100780725,1.190616,-0.3665816,-0.8760196,-1.7916379,-1.0419881,-0.33947682,1.6880095,-0.45978212,-0.9110493,0.8368685,0.7506936,-0.82552314,-0.12097325,0.14704311,1.9583904,3.1616673,0.6566212,0.5412246,0.14109014,-0.54920214,0.30726284,0.35005498,-0.44783998,0.75387007,1.3119245,0.08071284,-0.97435606,-0.29644305,0.27650675,-0.3598148,2.294453,1.2055897,0.7512079,-0.6840763,-0.89570224,-1.709837,0.70103794,-1.7843447,-1.0903064,-1.9860847,-1.0305701,-1.057708,-2.303688,-0.78737885,-0.4782425,0.29273382
2.6074235,2.4655151,-0.37083024,4.6651273,0.5439408,0.49680054,1.051983,4.7324376,-0.15743235,1.2025514,0.19596353,4.6217637,-0.43855312,-0.3774359,0.10858291,-0.0032681918,0.24782944,1.6000687,-0.5723651,0.7190189,-1.2020593,-1.4501187,-0.31558123,-0.19544412,1.0262941,1.6910436,1.9119041,0.5079932,-0.7563728,-1.4503915,-1.1499804,4.0436354,-1.0431707,0.14171131,4.543413,0.93142873,0.64963967,-0.36193874,0.115409225,0.9248149,0.79465336,0.6449389,4.8454895,0.355412,0.6907045,4.0585747,-0.78348255,-1.2332785,1.2826169,4.355626,-0.19896296,-0.40543142,0.012139995,-0.5191716,-0.5908027,0.69402474,0.1810053,-1.1666896,-1.3328705,-1.9868591,2.955175,-1.1838591,-1.788405,-2.8958483,-2.7580745,2.7616324,-2.3631978,-0.11282393,0.39960712
1.3744665,-0.51338553,-0.81314945,-0.87131155,1.252693,2.132292,1.6325651,-0.56048536,-0.11522123,-0.53803706,0.84497136,0.02316489,2.0661616,-0.95430243,0.12589625,-0.6807834,2.6500545,1.3201605,0.53150505,-0.16090763,-0.8856832,-0.6082382,-1.3170753,0.6458802,-0.13454667,-1.9718796,-2.067425,-0.0019121369,-0.3807984,-0.5258915,-1.9835349,-1.18913,3.1199098,1.5969038,-0.59949505,-0.1109345,0.705142,-0.41202128,0.20153593,1.3753752,0.7882224,2.0887146,0.403348,1.5376657,1.2747478,-0.9474977,-0.21865886,-0.4508938,0.14618821,-0.5013817,-0.33850133,-1.4604431,-0.6167927,-0.43514705,-0.12492394,-1.4649042,0.85658115,0.56831,-0.8577405,-1.1360598,-2.0383584,-1.1858323,-0.11774579,-0.30378532,-1.6356363,-2.5764062,4.7523446,-0.6338286,0.48058218
4.808387,0.6084925,1.6764078,0.39077038,2.3661027,1.0367593,0.09260752,0.56135917,-0.85541797,-0.95623183,-0.22986114,1.0867575,1.4055381,1.8664842,-0.10852251,2.1313071,0.6365708,0.09059708,4.178374,-0.18167578,-0.4841593,2.656628,-0.39602166,-0.97134876,-1.432222,-0.18449028,-0.8950872,0.0835575,-0.72380763,3.2122917,0.44282958,0.6311034,0.4479247,-0.43733642,0.57254124,0.2406083,-1.6260482,-0.17342007,3.9254618,-0.70485723,0.17032814,1.276582,1.7718984,0.7587199,0.9512872,1.3269082,-0.42143628,-1.0817118,0.41785237,0.5969686,0.2324933,0.60485315,-1.094166,3.3140798,0.86747074,0.66497684,-0.3769671,-0.17781931,-0.9534147,3.3019452,-0.10083625,-0.16967443,-1.5121564,-1.9720331,-1.3417387,-0.4171625,-2.2627566,-1.4987692,-0.74203944
4.8958035,1.1478684,1.1831626,1.070771,3.7818491,0.8065904,2.2378,0.84050065,0.66475475,-0.099201985,0.10610204,1.3173578,2.6810935,0.038529355,0.4670426,0.2177372,1.5899539,0.9638585,3.6206555,3.637434,-0.75424373,1.6621808,1.2374595,0.20931296,-0.9685488,-0.39106393,-0.84420335,-0.06365301,-0.47312587,1.3660614,0.12935087,0.7905382,0.6009882,-0.89944834,0.9654998,0.4509963,0.6392733,-1.3724958,2.3619714,-0.07902023,-0.020350741,-0.0880424,1.6175452,0.73013824,1.1164739,1.6157922,0.7634659,-1.3633661,0.7803532,1.0828851,-0.34542677,0.5759102,-0.596744,2.0727537,-0.09351238,-0.02264769,-1.3280864,0.23246194,-0.4712324,2.2043877,0.2988674,-0.7996709,1.242556,-0.23632392,-1.6766784,0.49974993,-0.09859413,-0.83056295,1.0630244
