0.14332932,0.25853357,-0.79467094,0.10419284,-1.4126297,-3.0245638,-0.23348959,-1.3759581,3.629662,0.94318414,-0.59919953,1.1138492,-0.99640167,-0.014097787,-0.24910256,0.47950506,0.48623118,0.8954024,-1.1360337,2.4998324,0.2852695,-0.6931148,0.3661185,0.95593727,-2.391152,0.6782149,0.39801666,-0.8633257,-0.7235962,1.9860833,0.77604675,-1.3780831,0.59769183,-1.3902212,-0.9112888,1.1966082,-0.4860541,3.084834,0.12518907,-0.26127517,0.9686321,-1.8027647,0.99179214,0.19344136,0.023885474,1.2015188,1.3793437,-1.4016199,3.0442033,0.9037155,0.68710023,-0.9057903,0.8075162,-0.14214224,-0.24294773,2.0096772,0.5588557,-0.049118042,-1.5694307,-0.8307707,1.6016606,0.3911453,0.15068087,-1.3116646
-1.2479532,0.8109298,0.26593375,0.62506604,-0.5316577,-0.16542584,0.30594426,1.0811625,0.9800005,0.84153587,0.3157142,0.981236,-1.2453073,-0.5605699,-1.125221,0.84481996,0.44920498,0.099888764,-1.58788,-0.04780148,0.178977,-0.6282361,0.30569863,0.6566886,0.16896442,-0.29459348,-0.62475395,0.43337375,-1.5133557,-0.90058064,0.6479107,-2.0254536,-0.6723535,-0.8018858,-0.37271756,0.9980326,-0.01265421,-0.43714988,1.0875856,1.4156102,-0.66464853,-2.5036385,1.0482196,-0.84280705,-0.088932306,-0.008101292,0.63030165,0.49551243,1.0378395,0.39628124,2.037857,0.27699924,-0.7100241,-1.4281807,0.37233877,0.023344852,-0.27784073,-1.0988073,1.1170766,-0.49542886,1.1842839,0.45033568,0.10845881,-0.69959664
-0.05115359,0.041902177,-1.0919541,0.86788803,0.48105776,-1.6580379,0.77955365,1.8491796,1.3680055,0.5597504,1.1372148,-0.16509584,-0.60673565,0.93499815,1.4652152,-0.13823198,0.8399056,-1.0443187,-1.592256,0.8457643,0.9085005,0.40757695,-0.20445703,0.2967492,0.6578984,-0.54182637,-0.5239552,-1.6947212,-0.8397429,-0.6177379,-1.7983886,-0.32954225,0.76438046,-1.7194812,-0.79349804,-1.0205706,0.5237276,0.2934608,0.44348732,-0.71204436,-2.0026023,-1.8255407,2.3599777,-1.8677441,0.1898413,-0.57508874,0.26783678,-0.15201788,0.4030981,0.23815157,-1.2556059,0.45380688,-1.7352268,0.6241729,-1.6021821,2.438119,1.0941567,0.28466433,0.8378259,-1.0750126,-0.19195874,-0.03901255,-0.5411435,-0.64852124
-2.140161,0.6686058,-0.676255,-0.48885697,-0.8528199,-0.25834376,-0.7756207,1.1800889,-0.19732769,1.1782817,0.39563084,1.8068193,-0.8360196,0.09562685,-1.2332563,0.49462587,1.1914209,0.5086412,-1.5994853,-0.33635944,-0.27044865,-0.37509322,0.00020803511,0.25265628,0.12449679,-0.32695106,-0.7394254,0.010719731,-0.8730843,-0.74605155,0.6640516,-2.2250655,-0.39456686,-1.1515754,-0.4501292,0.8511752,0.325727,0.34891695,1.310198,1.0478486,-1.0657159,-2.0347774,0.38493708,-0.46557927,-0.5577924,-0.9384947,1.2136282,1.0364001,1.2488035,0.47781354,1.2397069,-0.04608446,-0.01469484,-2.2595744,0.8433851,0.18127173,-0.43243808,-1.1070998,0.08175911,-0.14570488,0.37525368,1.3194128,-0.37754643,-0.7135857
-1.0696625,0.27623278,-3.420112,0.4427722,1.0295092,-1.5286644,-0.1411892,-0.97425896,1.9285028,1.3931239,-1.5113972,0.40951768,-0.574515,2.009849,0.7290511,-0.16955727,-0.603767,-0.41259494,-0.47037494,-0.90333337,-0.35511923,-0.6572215,-0.7642754,-0.28040168,-1.9260526,-0.48128372,1.8616405,-0.53832906,0.40190217,-1.4664371,1.4531138,-0.5669743,-1.145728,1.09283,-0.08289094,0.59621596,-0.11364878,1.3700473,1.0608066,3.511334,0.26964363,-1.4439203,-0.19523105,-1.2199618,1.2936268,0.043447606,0.5845011,-0.94426936,0.9244287,0.6809874,-0.4022704,0.037347976,1.0594809,2.1717477,-2.697902,2.2248797,0.48765033,0.25517297,0.7111444,0.80935544,1.897211,3.012853,-0.39495346,-2.303462
-0.5171391,0.98501337,-0.42591268,0.07018985,0.54082245,-0.8531849,1.5495435,0.28907025,0.45371562,-0.90732497,-0.31437224,1.5438079,-0.71634424,-0.016612329,0.5211925,-1.8616586,-1.3890367,1.2031593,-1.8286924,1.6056194,0.03421575,-0.11556798,-0.36460245,1.5033573,-0.5047971,-1.726741,-0.8002708,0.624288,-0.84495723,0.9780474,-0.6702865,-0.1790649,0.62336767,0.076209515,0.015475914,2.2424107,-0.54588604,-0.6965864,-0.31823817,0.9785482,-0.27959606,0.2515754,0.23609403,0.56846243,-0.11215803,-0.04719592,0.3577068,-0.3329749,0.10717259,0.9936818,0.5171159,-0.3806647,0.28413707,0.019587636,-1.0382316,-1.0240382,1.577222,2.0827544,-0.3622236,-0.2752512,1.3064425,1.2928976,-0.7095816,-1.3856684
-1.5474744,-0.12397946,-0.89196134,0.31880546,1.6674696,-1.3509133,-0.98233545,1.4004098,1.9506152,-1.9233781,-1.6514024,1.3307197,-1.1627516,-0.58594745,2.490469,-1.3115201,0.94869024,1.1808499,-0.13313465,-0.46659034,-0.09941153,-2.4844487,0.15196848,-0.9883064,-0.5560236,-1.3118813,1.2602652,0.28550488,-1.9355628,-1.0223153,-1.9014721,-0.64432967,1.468774,1.0183773,1.6622127,1.369465,2.06576,-0.8704409,-1.7078615,1.7544798,-0.44391337,-2.1293523,0.84521216,-1.7905625,-0.09026059,-0.1501193,0.37806982,0.66466093,1.5962043,-1.7574065,-0.067632966,0.045648787,1.8311294,2.2036114,-0.8826796,3.121849,3.9612503,-0.49897683,2.693437,0.89701,3.523506,2.1518261,1.9229664,-2.5371323
-1.8278247,0.5166894,-0.9568136,-0.11513886,-0.5218176,-0.4016356,-0.051592633,1.0644177,0.21789603,1.0711145,1.125535,1.1610229,-1.3871542,-0.66793597,-1.1998909,0.41060817,1.3224889,0.36516413,-1.0739027,-0.94857603,-0.0072702765,-1.0820203,0.5335728,0.6303419,0.030166805,-0.5247699,-0.8523928,0.21540518,-0.78943884,-0.6710572,1.2855185,-1.7793714,-0.3313972,-1.2489029,-0.268421,1.2469406,0.13633104,0.22039157,1.1049277,1.0075651,-1.0733542,-1.3902117,1.1706269,-0.41013646,-0.8579565,-0.95540607,1.0947692,0.38235667,0.77708566,0.34680265,1.7290967,-0.21121544,0.07716307,-2.0746875,1.1900557,0.022940084,-0.5006426,-1.5572044,-0.17765829,0.48951954,0.32324445,0.76242566,0.0684325,-1.1791977
-0.45940328,-1.0615264,1.5540849,-0.57575965,-0.52486414,-1.446554,-0.41272295,-0.33432326,0.72291744,-0.09022029,0.08763123,0.24827039,1.5256014,-0.8621576,0.26672593,-0.8454583,1.2818273,-0.5805015,-0.14711492,-2.6569107,0.7392928,-0.4035567,-0.85749954,-0.5042566,1.709474,-0.1143733,-1.1349264,-0.7116188,1.044756,-1.142925,0.93602353,1.8449572,1.8522645,0.5998669,0.011938974,-1.674596,0.4982924,0.24934018,0.46671635,-0.24334548,-0.66642106,-1.7148465,-0.3444335,0.1818286,0.14115712,0.8686123,-0.4795547,-1.140686,0.24765147,0.17769386,1.2678232,0.064948976,0.5826484,0.6641449,-0.029430948,1.5803266,0.6764314,-0.9788964,0.38173783,0.787193,-1.3075699,0.15419541,0.1346229,-2.9542744
-0.7943152,-0.5010365,-0.96797025,-1.0537167,0.1697189,-0.97877103,0.8624456,2.4766002,1.6456401,-1.9404036,0.35115162,-1.3029115,0.25982362,1.4250997,-0.12337157,-1.9470809,0.404186,-0.35197118,-0.05675459,-0.16233627,1.3348782,-1.674516,-1.7418861,-1.0071263,1.1734178,0.5156177,0.53376544,0.1778544,-0.46849474,-0.91410995,1.1465462,0.25771466,-0.15694131,0.32086354,0.6227523,-0.29459155,0.7217619,-0.74944556,-0.3826376,0.83189994,-0.5223768,-1.1774912,-0.75747377,0.9169042,-0.83202827,1.0438956,-1.901816,-0.5040832,0.4652726,-1.6261631,2.2898543,-1.1383833,0.92675793,1.1608678,-0.016550444,0.6426358,0.40627223,-2.2043428,-1.3342259,-0.8140041,-0.08049573,0.81735486,-0.31585318,-0.7379616
-1.0712862,0.18488276,-0.39072642,-0.9995346,0.33884257,-0.24107943,1.3626763,-0.6995502,0.23868716,0.30683327,0.3146683,0.18123755,0.07419185,-0.3202568,0.7583251,-1.2270489,0.6426732,0.5883183,0.38404727,-0.1438184,-0.70348865,-0.073173285,-0.5471047,0.41683877,-0.18787643,0.78185797,0.55792344,0.6297033,-1.4376951,-1.22331,-0.6410249,-0.21768025,-0.36952087,0.87526625,-0.13949753,-0.25396287,0.37697828,0.045793183,-0.48961997,0.6058826,-0.9667692,-0.73338276,1.2015951,-0.29640728,-0.0056423843,0.9341234,-0.14998843,-0.34074593,-0.75509953,-1.134657,0.120028324,0.35124794,0.8198496,-0.33777648,-0.3711863,1.2583287,1.7635125,0.41654432,-0.5289653,0.24066533,-0.20343424,-0.21368311,0.9376329,0.27099752
-1.6901778,0.0815875,-0.23899573,0.12998347,-0.6686195,-0.71145314,-0.4216488,0.85080385,0.42867813,0.9916527,0.54682106,1.2002861,-1.2454891,-0.7858982,-1.3918365,0.4637379,1.1745226,0.6867539,-1.3040283,-0.5841312,-1.4349546,-0.4316004,0.43232936,0.7736589,0.058267757,-0.36900097,-0.7624278,0.23173769,-0.90742457,-0.91183746,1.0391344,-1.662687,-0.3418056,-0.8186741,-0.8838362,0.5580335,0.52899283,0.07854105,1.2153727,1.3009685,-1.316212,-0.57417244,1.5341419,0.31730068,-1.0399668,-0.73118865,0.8151547,0.7429983,0.35954332,-0.05669485,2.009614,-0.4902317,0.578874,-2.1428967,1.1059396,0.013511993,-0.34740704,-1.8127955,-0.6587794,0.14734177,0.17254244,-0.11846648,0.13470131,-0.91327167
-0.16448842,0.7998808,-1.1569585,1.6637124,-0.006504789,-0.32768053,0.20817362,-1.1715074,1.226963,0.35643464,-1.0403271,1.2628343,0.1509756,0.15373164,1.4947186,0.049296096,-0.8225378,1.5473323,0.19192459,2.2049758,-0.40917575,-1.4675939,-0.011860177,-1.484054,-0.5092014,-1.6079723,1.8589011,-0.1601892,-0.48991948,-1.2125361,-0.8994976,-0.0014549643,0.54210323,-0.5943297,0.03896009,-0.7558904,0.45545605,0.83051836,-0.9125996,-1.1289954,0.15033612,0.8461542,2.0378804,1.5927732,1.722023,1.0145252,0.09495555,-0.93897563,0.15781645,1.171542,2.5850542,0.48340237,2.3246713,-0.7609793,-0.7898938,-0.517283,2.5227346,-1.8868815,0.43817484,-0.5599987,1.0255399,-0.43934184,-0.97072124,0.587176
-0.9047172,-0.90307534,-0.05368174,0.122798994,-0.09733738,1.1257339,1.5445718,-1.4659574,1.4980991,-0.03282781,-0.22726311,1.8360258,-1.4349885,-0.3077899,1.4570076,-0.45143294,-0.20820469,1.135413,-0.60814923,0.12081312,0.884759,0.88228387,-0.6909861,-0.09411603,0.9369291,-1.337121,-1.3781548,-1.064626,-1.8391843,-1.3874811,-0.8939657,-1.6245786,1.5967183,-0.006496098,-1.5369697,-1.3202114,0.33005673,0.26929912,0.3528428,-0.11195283,-0.658834,0.9048336,1.3816156,0.12225337,0.015097052,-0.31631714,-0.57000256,-0.615378,1.2392318,0.08239534,-0.8641867,0.59110427,0.72950226,-0.35274494,0.92928827,0.45641792,0.5317761,1.5703354,0.664433,-1.2024506,0.47094238,-1.6523062,0.58579576,-0.44102693
-1.1335977,0.034121625,-0.18652213,-0.9456647,0.27546847,0.117934346,1.1398535,-0.86248505,-0.1662372,0.54875636,-0.4868676,0.8118315,-0.053424314,-0.19723067,1.183076,-0.9552644,0.9159818,1.510097,0.6214881,-0.12220816,0.40927696,-0.1377325,-0.42263412,0.67024136,-0.24727179,0.8539697,0.442112,0.1672626,-0.9972712,-0.29427785,-0.48108596,-1.0779334,-0.4272736,0.9404802,0.03135638,-0.38268238,0.3350876,-0.28125548,0.023435846,0.45424324,-0.2926023,-0.80903256,1.8199978,-0.08199997,-0.2072961,0.8289732,-0.7667285,-0.82288057,0.03758739,-0.71583056,-0.060596697,0.572049,0.28954238,-0.22478056,-0.6466259,1.9966211,1.5983288,0.16904283,0.096684635,-0.09158395,-0.10653277,-1.104447,0.46353403,1.1337919
-0.61285484,-1.0353748,-0.5195454,-0.39506215,-0.3985827,1.3373723,1.006806,-1.3515131,1.2266253,0.30372226,0.1227619,1.886498,-0.6681475,-0.12323097,1.4924502,-0.75511676,0.30025217,1.1707096,-0.9067099,0.5234589,0.88038296,0.8551097,-1.1368527,-0.22872019,0.8233861,-1.0277058,-1.1924601,-0.9661166,-2.0342035,-1.387115,-1.3169762,-1.8475512,1.5456675,0.021980856,-1.7033486,-1.4014331,0.07189899,0.23726916,0.65876734,-0.16133933,-0.69887877,0.43540293,0.42881986,-0.27446163,0.44206843,-0.55390894,-0.7530149,-0.47059995,2.0321302,0.047410265,-1.1181903,0.35574156,0.7799074,-0.11414158,0.57501704,1.0331097,0.30969256,1.7341956,0.55610836,-1.1784781,0.32870573,-1.3751868,0.17542467,-0.076638624
0.6724311,0.36887527,-0.55637985,0.24871455,-1.1862177,-0.10140884,0.59696966,0.72303677,1.0125238,-0.7919917,-0.31238112,1.1790957,1.494347,-0.16227707,-0.52534604,-1.9007808,-0.038245257,-0.47890922,-0.5479015,2.0660007,0.009135544,-0.0167875,0.043902725,-1.0395381,-0.20915961,-2.6035297,2.7396982,-0.39352345,-1.4525483,1.7103317,-0.07207863,-0.75299037,-0.5576584,0.55623394,0.6309592,0.99316007,-0.91284186,0.6117034,1.0057504,1.4084449,-0.07094911,-0.17128669,0.16850424,-1.057272,1.7571807,-0.47780362,-0.20642652,-0.6306669,1.3952286,-0.093829915,1.4269224,0.20099264,0.74814284,0.8451159,-1.2467598,0.82686067,2.5270886,-0.82588935,-1.1743664,-1.7602987,1.0846869,-1.4569248,-2.2143083,0.8995958
-0.6775109,-1.102991,-1.1638107,-1.3303552,1.3272301,-0.5768289,-1.4089297,1.3067782,0.5868703,-0.7039341,-0.70671624,1.0225803,0.65373755,0.25983652,2.0293877,-0.9163221,-0.14182007,0.1485301,-1.2824228,0.029064074,0.73830295,0.32113403,-2.386725,0.17890191,-0.68665886,-0.99176705,0.45439002,-0.5991837,-0.46928927,-1.3579854,0.47874457,-0.6875373,-0.25910923,1.1884739,0.45896876,0.07455365,0.7485874,2.259358,-0.5525689,0.028103884,0.29304376,-0.60214186,0.667106,1.2494429,0.94267297,-0.057942905,-1.758128,1.3881196,1.4647782,-0.8805206,1.7128507,1.4645475,1.3965751,-0.26374114,-3.5327718,1.9496455,1.8223754,-0.15608633,-1.0934699,-0.08269815,1.854511,-0.8653174,-1.6457821,-0.1415851
-0.7954747,-0.6795812,-0.39699733,0.3997969,-1.885672,-0.25408804,-0.49875993,-1.4881467,0.025300164,-0.13601209,1.3208824,1.2679036,0.3976248,-0.07711477,0.98703253,1.4026331,0.09244955,0.59293115,-0.61179024,0.5808246,-3.061356,1.1087575,0.034309797,0.54485816,-0.47474304,0.6627109,-0.12269376,-0.22883849,-0.07269856,-1.8624411,0.09434269,-0.6873021,0.3972795,-0.41442093,-1.7868966,-0.09915237,-0.07835526,-0.26006514,-0.29384297,-0.34348363,1.0093932,0.7335096,1.1606911,-0.5616356,1.3683788,0.7708232,0.9283046,-0.51412535,1.8356855,0.31676805,0.2529634,-0.26017377,-0.17206347,0.096891746,-1.2100085,3.3029292,-0.37864715,-0.5339644,0.18724906,0.38857865,0.14408736,0.17379874,-0.47320932,-0.81493443
-0.69872254,-0.9199198,-1.7122084,0.57180804,-0.1429428,1.1401505,-1.8482146,1.5736108,0.6909865,-0.7510152,-1.9649885,1.7281121,0.63459104,1.4512504,0.45430735,1.0604428,0.30245274,0.6926821,-1.510685,-1.7133981,-0.6806161,-0.70797116,-1.6887457,-0.68324876,-1.5050838,0.029042065,-1.0756183,-0.22917472,0.26690647,-1.8304296,1.1978074,-0.25632456,-0.23470135,1.004056,1.2654206,1.0853132,-0.16540204,0.62833047,0.39560407,0.5138037,1.2161903,0.94179726,1.1086156,1.6360195,1.069812,-0.27047202,-0.6378654,-0.9029086,1.0560596,-0.45665795,0.9198548,0.61434305,0.65840876,-0.113066554,-3.2308266,-0.09011226,1.0127044,0.33482695,-1.6042473,-1.0921179,1.1646643,-0.4893633,-0.05404488,0.18847542
-1.0170745,-0.48266238,0.5063681,-1.545137,0.19046251,-0.2752214,1.3999308,-0.8499581,-0.41380033,-0.8637599,-1.2743868,1.2861874,1.8461132,-0.16946569,0.9201145,1.0323586,-0.24072039,0.21608695,0.22224392,-0.34776694,-0.37717998,0.4208738,-0.6330875,0.73885876,-0.55687267,1.423276,1.1756762,-0.65520597,0.041947693,-0.67008674,0.05338259,-0.44455603,0.49797195,-0.19763285,-0.814882,-0.20605831,0.09023815,-0.39985847,1.0904069,-0.81677485,0.50796723,0.48321512,1.6717513,0.65417343,-0.41187316,2.5090091,-0.98540735,-0.11436485,0.49958962,0.036385536,-1.4915507,1.2490551,0.8609795,-0.057973117,-0.55741614,2.1741753,0.3446281,0.20716342,-0.6267998,-0.91175145,-0.104443,-0.9040302,-0.6114316,0.35787964
-0.46054298,-0.31597227,-1.1314162,1.227867,-0.8044493,-0.61034083,0.3871492,-0.62103856,0.37446806,-0.2552668,-0.4530116,1.8894343,1.0240152,-0.82834715,2.573146,1.8778098,-0.7413075,0.6928585,-0.16073413,-0.79230887,-0.54968446,2.0389407,0.99472415,1.5181009,0.58195627,0.8015119,0.15615976,-1.8634883,0.308059,-1.6243604,1.0639311,-1.2558903,1.274767,-0.81858224,-1.7974057,-0.40461004,-0.7032136,-0.9804833,1.5135583,-1.1746724,1.4095936,-0.057602473,0.8792312,-1.0295626,0.7491683,0.44153377,0.34971225,-0.9720953,1.7161696,0.9964459,-1.0409266,0.78787637,-0.1283685,0.68181074,-0.51419544,1.7078834,0.89860696,-0.2532171,-0.11461532,-0.25283122,-0.15195699,2.0352573,-0.5546219,-0.33045834
1.3789862,0.13905978,-2.1576777,-0.33677667,0.13938482,-0.6410245,-1.0950273,-0.20351106,1.018645,-2.2918673,-0.7256065,-0.0136962235,0.15124802,-1.1556165,1.6271671,1.9840238,2.4085805,-0.80912274,-1.4886522,-0.7087634,1.3578129,-0.3696705,-0.73988974,-1.7959752,-1.5346025,0.14670259,-0.8959694,-1.2487649,-0.32666415,-0.34812137,-0.7844337,-1.7638084,0.3198097,0.7357561,-1.5982562,0.39994758,0.19289713,0.46547735,-0.5392363,-1.1068401,1.5559936,-0.49650744,0.46171376,-1.4526899,-1.3675203,2.4434175,0.84942555,-3.066884,0.7236022,-1.1939753,1.0639778,0.4975741,0.7382705,0.05224383,0.28538215,1.9806259,-0.95009285,1.108723,-0.389894,0.49965698,-0.1457477,0.1572929,-0.45256463,0.94611055
1.2103163,0.24077213,-0.51591957,-1.1334933,-1.0681245,0.34977895,0.9697609,1.2960756,0.8258152,-2.218848,-1.3063802,1.6282747,1.4650521,-0.26248354,-1.0725498,-0.09160237,0.9644646,-0.5665367,1.2347186,0.23947398,0.59212327,-0.9432712,-0.09468971,-0.06201029,-0.47966966,1.2069229,0.53592706,-1.0179721,-0.5273793,-1.3532827,0.5097142,0.4398373,0.0034372332,0.15182823,1.2035755,2.839433,0.07027858,-0.6565976,-0.2579792,-0.48107785,1.2511811,-1.2967044,0.28641465,-0.60355973,-0.4637415,-1.8487229,-0.8859863,-2.246848,-0.22737356,-2.0026338,-1.1162571,0.66838884,1.4859332,1.3452439,-0.8614954,1.4987613,-0.27538526,-0.027500838,-0.5897622,1.361228,0.4929626,-1.0229801,-0.74909663,-0.97226965
0.2348043,-0.24619174,-1.2175348,-1.1874177,-0.9567647,-0.08379102,-0.3115521,-0.6037338,-1.0017453,-0.32628137,-0.8180539,0.320327,0.85131437,-0.33252385,1.3491133,-0.34642088,1.8540381,1.2225105,1.0005617,-0.31098413,0.52824974,-0.64592606,-1.551544,0.73918796,-1.9615549,0.14687303,0.8110826,0.8558016,-0.6101892,-0.54087746,0.22304197,-0.016877383,-0.5219002,-0.008048382,-0.5374997,-0.16514264,0.27148247,0.27349058,1.4314774,0.0877455,0.23571748,-0.028159745,0.69020647,0.4746182,-0.53061855,0.1175954,-0.9139942,-0.27866757,0.1379403,-1.2782019,-0.5204987,0.9846368,0.9339797,-0.3893131,-1.4718765,0.8093332,-0.12905593,0.18752608,-0.093652725,0.008131847,0.34434247,1.170211,0.1581991,0.51068777
-1.0425466,0.15958968,-0.6131731,1.29309,-1.9503063,-0.09450737,-1.0595678,0.9461622,-1.4449346,-0.36935553,0.12647736,0.16098401,-2.1558106,-0.9166832,1.2228434,0.545219,2.4082255,-0.62493795,1.3490998,0.72284216,0.22937635,2.0596762,-1.1265479,-1.5756488,-2.0084963,1.1831751,0.42981884,1.9355334,-1.8491197,0.7157239,-1.1820565,0.06067249,1.0990763,-0.34095296,-0.06644039,0.14195193,0.9407304,-0.1655299,0.49620908,-0.24457775,0.92440796,-1.0963103,-0.16913283,0.07054256,-0.88566875,-0.56051815,0.079688445,-1.0358742,1.0914745,-1.1924533,2.331537,0.77219844,0.28020185,-0.59742206,-0.8380739,0.27544838,-0.98112375,0.11769086,0.10016477,0.72572803,1.2148237,2.0574427,-1.3999482,-0.43675005
-1.6086901,-0.35094333,-1.0310979,1.2647349,-2.1755645,-0.6515085,-1.1455185,-0.07150561,-1.2513924,0.07835741,0.28799367,0.28310487,-1.87614,-0.10768173,-0.35190955,0.41062337,2.446832,-1.0517843,0.54864305,0.25900072,-0.78477514,1.091368,-1.0503641,-0.5215853,0.5551492,0.61054015,-0.038475335,0.6878645,-1.4967911,1.478725,-0.3685301,0.43717954,0.7067819,-0.6514999,-0.8703185,-1.4093019,0.7229863,1.0717281,0.9586127,-0.092609,1.7416744,-0.70730615,0.4490182,1.2124432,-0.7828487,-2.5055587,0.82062256,0.41509545,0.6257891,-0.8634054,0.4705609,1.8150643,0.41989088,-1.2191584,-0.33543146,-1.6136969,-0.007830635,1.495396,0.030791998,-0.39672297,1.6692754,0.66459346,-0.9206097,0.2513206
-0.30789474,-0.38593435,0.8739644,0.15254922,-1.4055144,-0.38472736,0.19641377,-0.574206,0.06701954,-1.519877,-0.867954,0.7720629,-0.8535351,0.13082257,0.67078125,-0.5321253,1.8088063,1.3354466,-0.32425785,1.2559772,-1.1012611,0.5912,-0.41459942,0.7535064,-1.1471627,-0.0983105,0.4025444,0.9444445,-2.1827319,-0.51415515,0.28619045,0.66582024,-0.035848994,0.25391024,-1.2839645,1.1259776,1.2050309,-0.5799506,1.6422867,-0.21508206,0.516145,-0.4408914,1.0823419,0.4163701,-1.2506218,-0.5122419,1.265086,0.23665017,0.120269105,-0.79424906,-0.46573696,0.52055144,-0.13307774,-0.4026904,0.746584,-0.04987418,0.77976793,0.9203909,-0.72583944,-1.1532992,1.1656249,-0.17347953,0.81604356,0.6862201
0.31912723,-1.3473128,2.2035346,-0.4945838,-0.6540637,-0.5916572,-0.6107448,-0.16218716,1.3716538,-1.5343078,-1.6027097,1.6155121,0.08974342,0.24557087,1.0476667,-0.08369468,1.341131,1.2209216,-0.60222584,-0.34770298,-1.872582,-0.43812227,-1.0540254,1.0121615,-0.38637647,0.48591557,0.80384934,0.09988971,-0.8683021,0.7752192,2.2526524,0.55582,-1.064713,-0.11706513,-0.40694135,0.35314476,0.87198234,-1.2532829,0.75767606,-0.568631,0.2970636,0.8308609,1.0271312,0.37397438,-1.7424899,-0.16124424,-0.54570067,-0.5967827,-0.85620975,-0.092635915,-1.1485375,1.1073105,0.21254584,-0.51109827,-0.23817733,2.1041245,-0.07955329,-0.26138082,-0.41974127,-1.4799812,0.033857927,1.6217284,0.94074166,0.26247936
0.4413751,-0.24799818,0.15865308,1.3834517,-0.7772118,0.00085282326,0.26791257,-0.9604102,0.86760455,-0.1683444,-0.9516492,1.1406989,-0.3703184,-0.26801297,2.538684,1.1329664,-0.17884946,1.2855021,0.8298983,0.20348527,-1.1764963,2.8887427,1.3495845,1.6064014,0.97675943,0.9488578,0.2863455,-1.2299814,0.28683946,-1.9919446,2.3254917,-0.51018286,0.36406577,-0.9469897,-2.6855786,-0.7355805,-0.032757025,-0.7766194,1.5873033,-0.70759016,0.24680996,-0.4324725,1.5060701,-0.8223381,-0.21336915,0.20421794,-0.06898047,-1.1794773,1.140271,1.7914342,-0.29785404,1.9133346,-0.3220949,-0.019654661,-0.15210474,1.4010708,0.67098475,-0.28982472,0.00993655,-0.06745525,0.04972063,1.7729166,-0.22826037,-0.23856233
-0.34404454,0.01805555,-1.137068,-0.14041577,-0.25297695,-0.8229892,-1.0258033,0.21971625,0.7990682,-0.34236598,-0.76800275,-0.57464933,0.4526149,0.42073038,1.5669639,0.085801974,1.9494077,-0.46218953,2.5832179,-0.30705482,0.74830896,1.5519073,0.5594274,-0.18734992,0.09318331,1.3659921,0.11166784,-1.2204865,0.65399504,-2.0827975,0.988239,0.61064804,0.37592074,1.3222363,-2.8390179,-2.284385,1.6041521,-1.2579693,-0.9461632,1.3478353,1.8913178,-2.6010613,1.2088034,0.8104928,-0.6409452,1.3197736,-0.4251901,0.6306103,0.13302682,1.6722305,-1.1276374,1.4826273,-0.2231488,-0.19950688,-0.49473807,1.23504,0.3420596,-0.7308904,1.6645216,0.35159636,-0.30493265,1.4223398,-0.88163173,0.6819679
-0.6989427,0.4327988,0.24198139,-0.16011761,-1.517789,0.38996857,-1.0968959,0.90718603,-0.25071922,0.9087529,-0.12753573,1.281806,-1.0069383,0.24425179,-0.9737873,0.8443461,1.7856632,0.8120423,-0.8481223,0.45560706,-0.3300173,0.34502655,0.48326594,0.7824477,-0.07938668,-0.12145111,-0.56413037,0.16948058,-1.0916282,-0.5012487,1.3950832,-1.4886324,-1.4094889,-1.2028155,-1.1901587,0.68890685,0.12456968,-0.03935235,1.9797534,1.0271372,-1.036318,-2.1675258,0.6309516,-0.056410268,-1.6682107,-1.0068512,0.2033363,0.5520807,1.2171594,0.88804543,1.1385689,0.8264165,-0.17630365,-2.4163237,0.7904001,0.49828088,-1.0827398,-1.2453465,0.20243837,-0.42713255,0.19403435,0.6969774,-0.24622059,0.11629145
2.0922263,0.8620175,-0.13273439,-0.06796186,-0.77354175,0.80955404,0.20091544,-0.82602376,-0.39153013,-1.6237249,-1.633292,0.077750295,-0.90577954,-0.43421826,-0.84650815,0.47222662,-1.1019161,-0.053695463,1.8405608,3.0952222,-0.6212957,-0.35512152,-1.135864,-1.1494561,-2.2681625,0.5293324,1.1179276,-0.76715726,-2.2894118,-0.5734321,0.71475494,0.49041042,-1.324385,-0.09305948,0.94470006,1.2537099,1.0087924,-0.53115404,0.73254806,-0.37405214,0.10159287,-2.4876118,-0.78938127,-0.09657471,1.547878,-0.6778708,-0.34798998,0.09914453,-0.7988961,-0.55320287,0.25963265,-0.104548365,0.28707775,0.97321177,-0.40978932,1.7891893,1.7666286,0.078438476,0.88530624,0.046062246,0.9936752,0.28197974,-2.0855784,0.58146816
0.29189506,-0.16235548,0.076455764,-1.7225012,0.8146452,0.7378711,0.8921288,1.4123666,0.4776834,-2.1088932,-1.491773,-0.041380078,0.16153164,-0.1947346,-1.1453776,0.08547683,2.3737972,-1.0637274,1.8134359,2.4891949,-1.8387039,0.3552789,-0.58717257,-0.60146284,-0.2910603,0.7383057,1.1194662,-0.93225485,-2.4152176,0.70325565,0.01424928,0.9015037,-1.2847061,-1.1849215,1.6845679,0.7076147,0.7983042,-0.099958025,-0.03174606,-1.2555487,-0.07294986,-2.0122733,0.15070996,-0.15784864,0.15018713,-0.010009207,0.06755407,1.296817,0.51411176,-1.820455,0.83020985,0.098125815,0.8256366,1.0701909,-1.6762191,2.6507552,0.69946027,0.86415994,0.75987285,0.5213277,1.9379549,0.6736747,-1.3623292,0.4946403
-1.6553897,0.3104721,-0.30174252,-0.52419853,-1.1223391,-0.2627998,-1.3566134,1.3076674,-0.33279714,-0.038208567,-0.14846158,1.3739356,-0.873363,0.59889144,-1.1362873,1.3945019,1.0775825,-0.04889191,-1.072382,0.09275569,-1.0244708,0.81466234,0.61988115,0.54643446,-0.4946147,-0.29831117,-0.6631603,0.37237567,-1.0329142,-0.7275349,1.4532115,-0.8089032,-1.2098402,-1.6835763,-0.9234585,1.0715775,0.06582778,0.3467443,1.3967805,0.90082633,-1.3703372,-1.4053973,0.1098103,0.13876356,-1.6002868,-0.7096771,1.2625431,1.3298154,0.86804795,0.37278777,0.7325492,0.048635963,0.44723943,-2.4285016,0.832461,0.8351056,-0.59251666,-0.846521,-0.34218872,-0.22270103,0.48784894,1.1040964,-0.09994755,-0.3610888
-1.0053992,-0.15895772,0.12946808,-0.62344307,-0.8834663,-0.59384257,0.0747083,-0.37344438,-0.009924363,-1.8012568,-1.291959,1.2734718,-1.1836386,1.0984311,1.0657964,-0.022874877,1.3629371,1.0076061,0.10604067,0.68400544,-0.24961635,0.8989501,0.09590842,0.23335463,-1.0058148,-0.52734876,0.11315799,0.48571283,-1.5783389,-0.24467602,0.6047357,1.1127036,-0.33809012,-0.5107015,-0.32000214,1.9308869,0.989981,-0.222654,0.9720431,-0.26779145,0.06311247,-0.49537238,-0.15399298,0.22999983,-1.1863525,-0.2972767,2.0928352,0.3687542,0.31613255,-0.21250136,-1.4485921,-0.306181,-0.20331079,-0.65174574,0.62332666,0.79605836,1.2834187,1.4915453,-0.3347509,-1.4583764,1.06836,0.16642867,0.6782483,0.98922354
-1.6319577,1.5865141,0.27109718,-0.169742,-0.09793402,-1.1221421,-0.34451556,1.4614329,0.40459144,-2.8475926,-1.4506532,0.55033433,0.108722135,1.1067332,0.83020556,-0.43373784,0.09740085,-1.0166432,0.6076713,-1.2077806,0.7466094,-0.30928648,0.31991637,-0.8010015,-1.3095388,-0.2914636,-0.42647657,0.74387723,0.98417413,1.1014649,1.9718832,1.603281,-1.3248254,1.3484,1.0416455,-0.8077658,1.4056493,-0.58737636,-0.014693201,1.1166184,-0.89861774,-2.5750148,-0.2808409,0.7911438,-0.92266965,0.56344765,0.19950308,0.6791797,0.23431806,-0.40142977,1.6985474,-0.13627103,0.43128458,1.8405619,0.74022114,2.0932753,0.6734659,-1.200624,-0.24134418,0.06922661,-0.2968307,0.3953269,0.9366039,0.0136411935
-0.41061777,-0.19387978,0.7340715,-2.1713958,0.5903444,-0.1079936,1.8413583,-1.3281275,0.3560145,-1.0202041,-0.76292515,0.8141078,0.34136826,0.22657597,1.1101843,0.5051923,0.2839126,0.4224106,1.9419177,-0.5222111,0.7031425,0.6422785,-0.26942325,0.7792202,0.12626216,0.74559534,0.5238551,-0.32756048,0.148761,-0.43874797,1.7327529,0.9207796,-0.23209234,-1.3020803,-0.3052196,0.5913448,0.43328202,0.21516857,0.19697313,-0.72385997,-1.1097224,-0.60112965,0.49520737,0.6579413,-1.1868389,1.9443413,-0.6963978,-0.6157238,0.30106312,1.0723487,-1.4760257,1.4756808,0.7060344,-0.6033318,0.086822666,2.0521536,0.5806276,0.3278217,-0.22912449,-0.509329,-0.3088669,0.08245926,0.278847,0.54106635
0.18102814,-0.2984517,-0.054824106,-0.06816958,-1.537223,-0.04781896,0.28694582,-1.7100329,0.7131747,-0.20911373,1.938838,1.1344807,-1.2710917,-0.065869875,1.8969498,0.85624605,0.83770454,1.047924,1.6559126,-0.19132237,-0.49894375,1.1152046,0.85578465,0.8369463,0.16999117,-0.23733506,-0.70312023,-0.20934115,0.41025117,-1.3697017,1.9407312,0.286081,-0.07486048,-1.873522,-1.1399163,0.75478643,0.12108379,-0.0395383,-0.65865237,-0.1960377,-0.20625564,-0.7731181,0.7803162,-0.3391369,0.47831342,0.23047861,1.0382291,-1.704867,1.832328,1.5075676,0.10545234,0.60269415,-0.6766734,-0.4988271,-0.46480212,3.2882504,-0.43025905,-0.37906855,0.8878107,0.59464556,-0.23914982,1.2389134,0.054939814,-0.2513287
-0.13416515,2.1133766,-0.31903046,-1.001517,0.98437,0.47448927,-0.038803935,1.781287,0.5172093,-3.731553,0.20109667,-0.5604886,-0.23865144,0.2934265,2.1396606,-2.260428,1.9198686,-0.89066505,1.0933704,1.4519174,0.16505292,-0.41089606,0.16383143,0.45704895,0.7729603,-0.39958295,-0.53150105,0.9518023,-0.9674187,0.904384,1.1945695,1.1080797,-0.7567599,-0.4154477,1.5997211,2.4584022,-0.97305816,-0.30897093,-0.81643873,-0.017999876,0.30160287,-1.7239482,-0.098685704,-0.098134115,-0.24295026,-0.88378763,-0.84390867,-1.1590514,1.1251347,-1.289976,2.1491477,-0.5325001,0.94471455,-0.28011924,0.112277664,0.4974742,0.16095804,-0.055901706,0.94293416,-0.5495327,1.5109572,-1.0750017,-0.62045085,1.8837842
-0.49188906,0.20985568,-0.120032825,-1.6245475,0.26412088,-0.0068840086,0.7211052,-0.9866886,0.039113645,0.32500112,0.37492812,0.41589758,-0.15849735,0.32207844,1.0911018,-0.85082555,1.2698096,0.86671096,1.1780651,0.31173158,0.35944483,1.1084464,-0.07826124,0.37868714,-0.17058203,0.5647062,0.2539571,0.6659457,-1.262133,-0.810205,0.15755554,0.6341109,-0.93543386,-0.1689956,-0.07853912,0.4471228,0.56633323,0.14074342,-0.17788306,0.60150874,-1.7064644,-1.3552963,-0.21880499,0.07019167,-0.4695098,0.63183296,-0.3659284,-0.6736874,-0.118687764,-0.6777576,-0.49851516,0.10233331,0.7575526,-0.70985746,-0.30338493,1.828239,1.3574376,1.0145301,-0.13356054,-0.16508058,-0.30859947,0.23821054,0.5347773,1.4650055
-0.010648582,1.1734936,-0.89701366,0.5513062,0.10928334,-2.0049608,0.25148177,-0.38360327,2.2910464,0.3674881,-0.17501059,0.12948331,0.64282215,-0.25487378,1.1545124,1.3626686,1.2841402,0.8941322,2.1625535,0.71723384,0.72322154,2.3269298,-1.3133788,-1.4635038,0.20446801,-0.21936086,0.030057698,0.47582227,-0.064308494,-2.1429253,0.93900424,0.08934879,0.40352407,1.9709852,-0.50381523,-1.2327942,1.4971907,-0.69647956,0.5894724,0.77729815,-0.7444818,-0.6472237,-2.027408,2.1963546,-0.069648206,-0.2572386,0.44425744,-0.5263452,-0.0729406,0.9131545,1.2273446,-1.7684779,1.85698,-1.6994841,-0.23120108,0.740691,0.47934073,0.6291412,0.14703101,-0.115784034,-0.8419091,1.5586001,-0.59854853,0.50967395
-1.1753634,0.39931953,0.14433563,-0.11739369,-0.015209064,-0.30561787,-1.3544077,0.53378916,0.3211632,1.2426058,0.44241107,1.5139639,-1.1903545,-0.06861053,-1.3474368,1.1004515,1.2768413,0.17108041,-1.0307815,0.024834886,-1.6023009,0.95429647,0.7243792,0.7896419,0.4328241,-0.25126824,-1.1200186,0.52172726,-0.9465612,-0.65062106,1.5285383,-0.9183651,-1.035538,-1.5679059,-0.7487008,1.0833243,0.69181156,0.24198622,1.4569005,1.629384,-2.1229892,-0.85311925,0.36475033,0.43238503,-1.1883432,-0.7372629,0.65243065,1.0424254,0.78780437,0.022864416,1.6179451,-0.99992716,0.4450945,-2.4370527,0.983436,0.5059566,-0.45183027,-1.0969124,-0.26497057,-0.57746834,0.1714408,-0.024466679,-0.5448252,0.09126349
0.4337425,1.1554968,0.6414699,0.3800546,-0.4994253,-0.99371105,0.0053183883,0.33314174,1.1090132,0.2635854,-0.36207947,1.5973047,-0.36127555,-0.80097157,-0.39883885,0.6197856,0.0448134,-2.8967931,0.47547728,2.1152918,0.34391698,1.5290401,0.52956134,-0.9273125,-0.193715,-1.6136594,1.9441713,0.9592555,0.5540706,-1.1771917,0.5186171,0.89544654,0.36339876,0.60432076,1.9531825,1.1943899,0.7155493,0.4373194,0.58564216,1.9494256,0.15201938,-0.06693546,-0.13298568,0.18042351,0.008990198,0.7837409,-1.1462528,0.3401069,0.21320046,-1.4589323,0.8641656,0.04391132,0.14294675,-1.2216586,-1.1563039,0.8763157,3.6791728,-2.0909739,0.778339,-0.43153435,0.08422063,-1.3714875,-1.248176,0.46950477
-0.42431152,-0.049099483,0.80604047,0.52469814,1.1913573,-0.7904142,-0.39696324,-1.1904866,0.14567687,-0.53893423,-2.0819151,0.9863715,0.037422523,0.14095637,1.173522,0.008052722,0.3515439,1.0451415,0.26875252,1.0513823,0.7025333,0.6426099,0.2484958,1.0403969,-0.046253696,-0.32116845,-0.340926,-0.32030112,-0.9463136,1.2298629,1.0590384,0.1344305,0.83603776,0.3483404,0.30218166,0.9954137,1.6537768,-0.09583544,0.8249391,1.2295474,-0.60709214,-0.012774327,-0.35476786,0.88128954,-0.93453836,0.89018035,1.448143,-0.48233008,0.8050386,-0.8095691,-0.16624817,-1.8138437,0.10058439,-0.5023016,0.042706646,0.9117123,1.0737733,0.05532518,0.5601296,-2.2418878,1.6347713,-0.4052096,-0.20904225,0.70643777
-1.3837637,0.47781008,-0.13762543,0.27696753,-0.24380918,-0.113010824,-0.6120776,0.5209289,0.2855635,1.6845709,0.25278383,1.9920914,-0.8374129,-0.4423686,-1.0080591,1.7585855,0.7994432,0.64976126,-0.7716821,-0.6838123,0.24307838,0.46686032,1.1531438,0.7824112,0.45152214,-0.113121085,-1.4001433,-0.24095923,-0.35486236,-0.17168227,1.7871982,-1.7353047,-0.97061664,-1.6450391,-0.077589646,1.2687145,0.5638282,-0.08754804,1.8177407,1.3735708,-0.9301957,-1.176256,1.4360754,0.46236467,-0.93929815,-0.13376316,0.88107854,0.5075589,1.469084,0.3560931,1.1688582,-0.72148,-0.23438752,-2.3372626,1.0304402,0.70868015,-0.68310386,-1.2370028,0.48138157,-0.6593101,0.0077737123,-0.37540877,-0.58176273,0.32963324
0.98373884,-0.47475445,-0.5728822,0.13684793,0.30834603,-0.81003636,0.13216306,1.5628314,2.9373014,0.09739816,-1.7210478,2.269249,1.0254276,-1.2305701,0.16483495,0.3661629,-0.1476131,-0.15798691,-0.5444877,-1.4409931,-0.12829483,-0.30970088,-1.3322624,0.16249466,1.9343789,-0.34042388,0.08960685,-1.2611517,1.1638445,0.16347614,0.4173566,-0.7585094,0.60759246,-0.37049168,0.5403545,1.0816835,0.17076324,-1.4405088,-0.54456496,0.2949097,0.22942194,-0.8823044,-0.5274039,0.471879,0.12627393,0.35986364,-0.5003952,-2.2465405,0.87623096,0.86133134,-1.2379508,0.3513776,1.0907468,-0.28033793,0.58996,0.95141125,0.49006855,-0.1088424,0.38962817,-2.4919083,-1.4282207,0.91300523,-1.5045222,1.5060825
1.1708502,-1.7892811,0.5635223,0.30335248,0.58728874,-1.1683316,-0.15599792,0.027267598,0.7177428,0.6357279,-0.1078366,1.1125274,2.3097992,-0.2861579,0.96634173,-0.33635372,1.4702319,-1.0970712,-0.7280988,-1.5791622,-0.31634456,0.9291081,-1.0964108,0.22352424,1.9857659,0.5247544,0.73212147,-2.707119,-0.2939972,1.4369836,1.2144009,0.37685055,0.40482524,-0.5361504,1.8502697,-0.007378146,0.15031001,-0.5187299,1.3214436,0.4726653,-0.72653735,-0.9512526,-0.93657106,-0.81705445,0.36807856,0.35707477,0.14265363,-1.25795,-0.26468718,-0.2977885,-1.4019288,-0.35131323,0.5078589,0.6393375,1.1146648,3.0801728,-1.6376892,1.3447051,0.42486405,-0.83670485,-1.9778736,0.43048787,-0.3306857,-0.02523978
-0.8535298,0.34602296,-0.52416617,-0.791382,-0.40535313,-0.6056444,0.28151298,-0.6595882,-0.21456167,-0.16934855,0.28277206,1.6770368,0.52660465,-0.2836186,1.042782,-0.13669412,1.4843125,0.84425956,-0.80357414,0.23228784,0.31427133,0.48434076,-0.5098358,0.20698604,-0.38228568,0.27947834,-0.60205495,0.5216901,-1.783018,0.0954645,-0.6180724,0.2098594,0.3411318,-0.37795556,0.5056002,2.0867012,1.318621,-0.38852078,1.4762181,-0.15067081,-0.0629558,-1.2994193,-0.53126293,-0.4033051,0.23705575,-0.18134096,1.43494,0.24068941,1.6487103,-1.0561852,-1.0744911,-1.6746663,-0.14539912,0.034323364,0.46721694,-0.07489871,1.1677393,1.1745701,-0.067267954,-1.4732652,0.019287154,-0.048071407,-0.13525,1.5119623
-1.4080137,0.91246396,-0.9545388,-0.18446791,-0.5359341,-0.7174054,-0.6246778,0.8183184,0.091883495,1.1354909,1.5122211,1.7348626,0.32287663,-0.6897156,-1.4206252,1.6194197,0.7113961,-0.2212058,-1.8715366,-0.8044799,-0.6188878,0.21387345,0.6710304,0.5859827,-0.157752,-0.14932786,-1.1981472,0.3587857,-1.2347896,-0.55191374,0.9984501,-1.3256072,-0.33044592,-1.6141474,-0.18881287,1.5392514,0.35638168,0.31362298,1.5531262,1.0600371,-0.8231529,-1.3502406,0.61832625,-0.047884688,-0.5252608,-0.31363532,0.8480251,1.3560688,1.4178549,-0.81663346,0.9247971,-1.125978,0.22969115,-2.089211,0.8426262,-0.13715103,-0.81865865,-0.9473617,-0.32795322,-0.28337693,-0.28995168,0.9280932,-0.631731,-0.019521028
-2.422689,1.1503912,-0.15777278,0.5593948,-0.7092343,-1.6907263,0.9178852,0.5893879,0.35595647,-0.38588572,0.36249036,1.2412003,1.3479394,-2.067077,1.9225616,-0.40828192,-0.37912437,0.6375274,-0.44113135,1.698088,-0.0907833,0.12873247,-0.8782439,-0.2552672,-0.069941,-0.024923295,-0.6036246,0.048795566,-3.6447957,-0.06916675,-0.7333104,-0.058373958,1.318226,-0.4029343,0.70819277,2.1838062,1.707511,0.9105868,0.08143175,-0.14356618,-0.6301205,-0.04650388,1.1765957,1.1197596,-1.773766,1.2110344,0.124950394,1.1623143,1.3044577,-0.85996157,-1.422012,-1.078504,-0.73683447,1.105265,-0.25143698,1.5384393,1.2859564,1.4813077,0.57861173,-0.024341956,0.588682,0.044986144,0.2879381,1.5547297
0.5479726,1.0040172,-1.4184408,0.05385302,0.7807988,-0.7712249,0.36955023,-1.8084329,-0.4840469,-0.8600248,1.4776452,1.0472487,-1.3957235,-1.6769134,-0.7194574,1.8307302,0.7982813,-0.45216492,-1.7951474,-2.323018,0.72878027,2.7508926,0.7283261,-0.33835256,0.25479296,0.4787791,-0.7597641,-0.21172898,0.76698875,-0.89707744,0.38374996,-0.37655202,0.46520683,0.9023492,-0.87825674,-0.0927559,-0.20348717,-0.66109955,-0.37773705,-1.0270072,0.6711942,1.174549,1.6134503,-0.7086995,-0.6512642,2.3492413,0.18283723,-0.70331866,1.6668118,-0.6663197,0.08563093,0.60262626,-0.23660493,-0.36016423,0.56346524,1.5105,-0.43221265,0.58758724,-0.37995544,0.5220867,-0.28232306,1.5447155,-1.906215,0.60977054
-0.99090564,0.3954722,-0.70988125,-0.7728812,0.22204371,-0.029971853,1.2325488,-0.9030325,-0.21575828,-0.060802706,0.4952271,1.0890625,1.1038189,-0.7094722,1.0048386,0.083626196,0.6791989,0.975158,0.51028734,-1.0609825,1.1229894,0.2515625,0.23357321,0.7624228,-0.5713881,0.81106293,0.07095733,-0.050481364,-0.8291606,-0.19172797,0.40389252,-0.17270216,0.13308458,-0.044170763,0.44321567,0.4739071,0.4639721,-0.14293447,0.34498507,0.08582629,-0.07482043,-0.2553738,2.2618215,0.13785164,-0.30256677,1.2252028,-0.40208775,-0.42347366,0.14969155,-1.8289825,-0.92376953,0.0158833,0.4926174,-0.46593416,0.019240297,1.3070488,0.58343136,0.8685806,-0.16788042,0.09687887,-0.55067676,-0.21281396,0.40133777,1.194787
0.2255346,-0.12764204,-0.41340804,0.31388557,-1.8940824,0.050325513,0.32797468,-2.003081,0.3471692,0.39650625,2.8983932,1.3502187,0.6330219,-1.1604184,1.6402668,1.2572073,0.71100926,1.0939028,0.32716918,-0.7508323,-0.7640743,0.5829716,0.40965533,1.1282477,-0.03047882,0.4504579,-0.99325466,-0.44349688,0.5390879,-1.1721137,1.399132,-0.18461521,1.0945557,-1.5203843,-1.1080415,0.2974528,0.15096839,-0.22844398,0.0029862225,-0.54287195,0.70884764,0.26766458,2.1597686,-0.6410162,1.2058487,0.5754191,0.42852062,-1.3136938,2.2867851,-0.04882984,-0.19176772,-0.18202609,-0.54539263,-0.055366397,-0.235749,2.2780962,-1.37672,-0.43184578,0.5701283,0.9216836,-1.0196401,0.79506385,-0.51688755,-0.3806147
-0.5429951,1.9260654,-1.1869519,0.55342,1.010101,-0.8601705,-0.95951056,-1.5203165,0.43185452,-0.7194196,1.3578695,-0.38760844,-0.28065354,-1.3440174,1.7372686,0.7627785,0.5566132,-0.7183533,0.062738195,-0.4921301,1.2257988,-0.14141607,0.88331413,-0.39679432,-0.43192688,-0.48474917,0.36659285,0.05450858,-0.257754,-0.40223143,0.7148355,-0.63623714,0.94227064,2.5412116,-0.649177,-1.6820103,0.8178323,-0.24120788,0.080675095,-0.061140347,-0.20613042,-0.70092726,-0.24072596,-0.47404575,-1.223794,2.0580347,-1.5026194,0.14702667,1.3280731,0.036208436,0.41937175,-0.7205471,0.25186,1.8744588,1.160343,1.9571576,-1.5122714,-0.29514366,-0.19871384,0.78777665,-1.4343579,2.1229985,-2.7333114,0.74911267
-0.13758914,1.1106277,-1.2478158,-0.775919,1.6746725,-0.115629986,-0.88990223,-0.23607501,0.026895005,-1.0588087,0.48615703,1.5985955,0.84242123,-0.8503227,0.6768811,-0.2968421,0.272071,-1.0280585,0.67388743,-0.9753403,-0.42521852,0.7467586,-1.4752706,1.4925433,-0.24813938,0.56833756,-0.55671704,-0.91798013,0.15743944,-1.2256734,0.9323437,0.59894156,0.0293595,2.3973038,-1.7403212,-0.4274587,-0.5605498,1.1407317,0.15368903,0.7134091,0.72467375,-0.6494944,0.63134587,-0.45555705,-0.78058696,1.1223011,-2.0379534,0.23546146,2.2257214,-0.98321545,0.5497042,-0.533026,0.5580358,1.2365832,1.6849593,0.13880742,-1.1123164,-2.2169597,-0.084007844,0.28154176,-0.3919109,2.0123422,-1.2604091,-0.13820188
0.6906725,-0.6776286,-0.9826424,1.2065402,0.53832924,-0.8325014,0.7331656,0.08868181,-0.009152453,-0.981928,-0.122754715,1.0609356,0.26520377,-1.7437681,-0.61763954,0.26292533,-0.7776151,-1.1184705,-0.0059722513,1.1949332,0.063871264,0.62168294,-1.0682032,-0.21097016,-3.0053914,-0.13075784,1.0087589,0.36649388,-1.0933328,0.89414823,-0.6985238,0.8486663,0.8388121,0.02565733,-2.1059523,0.3156152,1.204431,1.1183828,1.3192762,0.7855421,0.7973851,-1.95015,0.6986819,0.90857404,0.4508339,-1.4474968,-0.054055586,0.08511455,-0.05776514,-1.2403873,0.830301,-0.681763,0.6430776,0.9738525,1.5806721,-0.7082102,1.272309,0.41761976,1.057668,1.4223183,-0.5853126,-0.8513726,-0.5591953,0.9224071
1.3093657,0.9112362,0.5213244,-1.3133526,0.69890493,1.508733,-0.47744554,-0.91871846,0.4907206,0.37795037,0.38934,-0.17415896,0.36938083,-1.2173401,-1.4978251,1.967706,0.4096296,-2.4785814,-1.3235526,0.4297667,-0.05987352,0.5024442,0.49418873,1.053391,-1.4097556,1.5115571,1.7371639,-0.41679138,-1.4769433,0.128835,0.07789262,-0.19999686,0.020934265,0.96738976,0.23830311,0.75071967,2.2875392,0.5209013,-1.2267543,-0.48036712,0.97279584,-0.46075496,1.5298474,0.9086829,-0.17877942,1.9291431,-1.5974592,0.31671572,-2.502192,-1.2302697,0.5112243,0.00013310835,0.6734445,0.83863324,-1.0439483,0.4261816,1.183199,-1.5847857,0.014986516,0.8410718,-0.6925187,0.52092046,-1.0230755,-0.26633847
-0.35610336,0.23959422,0.7231165,-0.05784224,-0.029615745,0.00631769,0.97482336,-0.89441395,0.25263914,0.05144976,-0.10775053,0.33882293,0.9641474,-0.3121443,0.77888966,0.1106032,0.39104587,1.1642954,0.07836445,-0.05220799,-0.33617395,0.9677369,-0.13323306,0.8244698,-0.5535251,1.2745835,0.61439276,0.023565069,-0.9675566,-0.72149897,0.4032197,-0.287064,-0.37557247,0.54406726,-0.49288088,-0.20554401,0.70128787,0.015478557,0.6687949,0.42948264,0.1323516,-0.25921404,2.998567,0.08653073,-0.5575954,1.4825597,-0.795597,-0.43097717,-0.54539955,-2.0983946,-0.28207546,0.7212433,0.035636395,-0.5720198,-0.14937282,0.79703337,0.5373098,1.0439537,0.2409513,-0.14292772,-0.1545804,-0.6083781,0.38491872,0.9950649
0.2810079,-0.25057834,1.0828565,1.1664363,-1.9266833,0.30453026,-0.015344486,-1.753315,0.76298785,0.5589211,1.8145508,0.98526216,0.36471295,-0.7778032,1.3430092,1.5349796,0.111754544,1.5812353,0.10234301,0.18473466,-1.8870637,1.2437811,0.47925138,1.126073,-0.10889086,0.80076253,-0.32773122,-0.5863758,0.5446671,-1.2793577,1.4565632,-0.5912038,0.48006302,-0.8213168,-1.9162644,-0.15051524,0.6359061,-0.29042578,0.32682163,-0.32081768,1.2299356,0.3529765,3.2957044,-0.47158623,0.86089826,0.8666881,0.01480706,-1.2488847,1.6832726,0.1168869,0.34414718,0.74021596,-1.30898,-0.2889092,-0.48768398,2.107457,-1.5806348,-0.15476575,1.2800809,0.5097233,-0.31265664,0.2850428,-0.54540724,-0.54501796
-0.7180126,0.54242396,0.55862504,0.42300045,-1.2710994,0.28754884,-0.89361095,0.8708675,-0.09342502,1.4653307,0.3931182,1.1291164,0.22543879,-0.632835,-0.9904978,0.9268032,1.4473317,1.3524444,-1.5246892,-0.057834134,-0.2007016,0.2308532,0.33174068,1.0360878,-0.23831126,0.39785066,-0.55656266,-0.44903344,-0.66722,0.031785443,1.5145227,-1.8988664,-0.41745758,-0.94431776,-1.0698844,0.51160645,0.57345164,-0.22469126,2.2807622,0.7656182,-0.32604846,-1.4512695,2.4089298,-0.3470217,-1.3778743,-0.6394762,-0.13790809,0.44142962,1.3885136,-0.38400418,0.9798662,0.43764892,-0.64231515,-2.1156669,1.0680108,-0.29967064,-1.8136152,-0.9918436,0.41430783,-0.25869137,-0.08108814,0.2407325,-0.69298434,-0.055310413
-1.3528997,0.9314542,1.1508789,0.49201316,-1.5566567,-0.9283699,0.211298,0.7277169,0.10148741,0.19881488,-0.089452736,0.30853578,1.5543104,-1.508394,2.1535256,-1.3227385,0.52897525,1.9373732,-0.5815086,3.0735705,-0.13937372,0.12763953,-1.6166548,0.10606891,-0.10200438,0.43945917,-0.1326243,-0.36499274,-3.4282074,0.27457777,-0.71975785,-0.9580414,0.9322902,0.15216213,-0.115903735,1.3076332,1.6701691,0.7056117,0.4863534,-0.56071776,-0.3396509,-0.7397294,1.4802072,0.34987766,-2.0587337,0.6663326,-0.8377361,0.4540524,1.4596385,-0.38720942,-1.2391392,0.3022645,-1.6260188,0.98415595,-0.5888211,0.9030412,0.44023013,1.5762527,1.249588,-0.07022594,0.5106254,-0.037104443,0.12097605,1.8623269
1.0895795,0.3779873,1.3870156,-1.0279298,-1.2206656,-1.4748881,-0.30480486,2.3575163,1.1044265,-0.96123874,0.69969934,-1.9384593,1.2798123,0.9280509,0.28559312,0.64611524,1.7958235,-0.011983998,-1.7795198,0.79419357,-1.0449517,-0.231471,-0.45966184,-0.81635267,-0.048986405,0.74734294,-0.7319335,-0.35808623,-0.7283596,-0.110815704,0.7389387,0.69978285,-0.10780378,-0.80524164,-0.38684785,-0.6931528,1.3053088,-1.4468118,0.55890024,-0.9527939,-0.19971034,-3.2783158,2.5460413,0.07904887,1.5229064,1.2815715,0.06802718,0.3951038,-0.40213186,-2.3948228,0.5038324,0.27026555,-1.0359426,0.57737947,-2.0997655,0.72538877,-0.41894865,-0.0016462803,0.8615866,0.61391705,-1.4963416,0.14321403,-0.7546009,0.33448094
1.6931509,-0.7503333,2.5964704,0.99704367,-0.05113001,-0.5003687,0.18963836,0.41558528,0.109169915,-1.879808,-0.85020554,-0.19227642,2.6795328,-0.44156888,0.059682608,0.18777539,0.5968948,-1.0041734,-2.5538309,-0.11217387,-2.1688886,0.08047983,-1.8829802,-0.27494776,1.175929,1.0044729,-0.37553298,-1.6954181,-0.20035644,-0.47602925,2.1114576,0.5722239,0.4280872,-0.3427548,0.41185814,0.6008896,-0.053127375,-0.7011074,1.4540732,-0.039883126,0.42531502,-1.1375827,0.26184276,-0.8354781,0.32426366,1.6905252,-0.65001714,-1.9076061,-0.19708104,-0.5595946,1.5531708,0.28231144,0.25879967,-0.65713876,-1.0471154,1.1967757,-1.3001916,2.0888855,-0.36690962,-0.4779448,-1.3397527,1.681101,-0.026864506,-0.4293561
-0.5329406,0.055630676,1.6767583,-1.2977515,0.10734342,-0.24345464,1.4720227,-0.7570869,0.36258447,-0.87092614,-0.72823167,0.0066637695,2.4943662,0.067702465,0.34825605,0.79732305,-0.6896335,0.09822049,-0.23951046,0.3920192,-1.3329427,1.2682762,-1.282993,0.79705167,0.035454527,1.7079109,1.0942601,-0.5274795,-0.26405337,-1.0184003,0.73693955,0.2157596,0.037065726,-0.15046558,-1.1390566,-0.2596268,0.5741167,0.2711774,0.9069345,-0.99491066,0.10373226,-0.53344417,1.6921281,-0.25097495,-0.6678932,2.7199426,-1.1458427,-0.10285653,-0.06534131,-0.3469633,-1.4565552,1.4826392,-0.00094914436,-0.6492486,-0.17940137,0.3136176,-0.27323937,1.223962,0.09839563,-0.81588924,-0.3278501,0.20643924,-0.09153325,-0.12542783
-1.6269644,0.7276729,0.3525224,0.33025825,-1.2577447,-0.050639153,-0.94166327,1.2914176,-0.1114075,0.5334152,-0.029595759,1.1917036,-0.16116372,0.11780726,-1.464379,1.5792575,0.5662522,0.872888,-1.6454496,-0.1058207,-0.5556303,0.31911013,0.46898782,0.7091192,-0.3176988,0.1740183,-0.55198336,-0.62131256,-0.3268918,-0.33555946,1.6584622,-1.6340156,-0.82803726,-1.0161433,-0.8194156,0.8362753,0.31106243,0.10981945,1.8170687,0.43305528,-0.012626439,-0.9434681,2.283836,-0.50254405,-1.5596628,-0.03770522,0.7739818,0.7322323,0.889046,-0.19800536,1.0331104,0.40862063,-0.8680507,-2.556579,1.1317368,-0.55616325,-1.5649887,-0.6983034,0.37356928,-0.26856852,0.31395674,0.79691195,-0.12708384,-0.86771715
0.33522683,2.1304297,1.1993614,-0.2733668,0.35051125,-0.16371489,-0.25437868,-1.0005345,0.26368126,-1.3126266,-1.1989876,-1.2210373,3.4672468,-0.13200128,0.052864105,1.904216,-0.0077234455,0.50650865,-1.3176444,1.5113386,-0.06921327,-1.1942818,0.15634446,0.7704463,-0.9911343,-1.500734,0.59134245,-0.24903958,0.9078059,0.30000913,2.3090677,-1.133373,-0.29710758,0.016650591,1.2870883,0.5198832,0.11699974,-1.9821879,-0.35997915,-0.62480307,-0.39283922,-0.7036841,1.1289096,0.35648578,1.348555,-0.61015683,0.7516576,-0.24084102,-0.4783082,-0.16685365,-0.17264178,1.9491662,-0.7653107,0.329212,-0.20584959,1.4454839,0.676939,1.4450927,1.2289339,0.8756638,0.93872195,1.0798613,-1.3598882,-0.86177117
-0.726634,0.38084072,0.10434609,0.022606343,-0.5041091,-0.54300445,-0.2270108,-0.18561059,-0.08181749,-1.6717377,-0.967096,0.13792571,1.3144062,0.1443477,0.8478073,-0.48341858,0.40764743,0.9380063,-0.19825928,0.90829104,1.7925024,-0.80486876,-0.46527487,1.4697611,-1.0667328,-0.37109354,0.23449096,-0.78874344,-1.2210019,1.171217,0.80387634,-0.24515173,1.4901768,0.7942719,0.17789344,0.8844096,0.8648104,0.59660274,0.59515655,-0.48832434,0.68092525,-1.1673511,-0.3474029,-0.89196116,-1.1237469,0.6049812,1.6938281,-0.7406487,0.6954562,-1.2319177,-0.9299002,-0.49422327,-0.3645507,-0.54203486,0.27061495,-0.40252796,-0.18517877,0.66392225,0.28477582,-1.2167355,1.4695371,2.4622135,0.53342354,-0.83470815
-0.9753312,-0.039448984,-0.5664531,0.19563301,0.4694941,-0.9815164,-1.1263841,1.2771018,1.9265945,-2.406913,-1.1057056,0.5692916,-0.17173792,-0.5709791,2.3248143,-1.253468,1.0779594,1.7653968,0.19533302,-0.41841716,0.26576096,-2.0875945,0.2430817,-0.6138879,-0.84885716,-1.2353495,1.2610856,0.07118006,-1.7618767,-0.52846384,-1.0989594,-0.29945353,1.6242894,0.8262922,0.97764367,1.0470232,1.8330042,-0.38015547,-1.1657305,1.0036783,-0.21100184,-2.2217903,1.0958363,-2.124726,-0.67228806,-0.30909583,-0.080119714,0.44409472,1.7623682,-1.8282732,-0.5890296,0.6931422,1.4576529,1.7846636,-0.63160586,2.390698,2.6570451,0.17198078,2.5199525,0.87807685,2.8795378,3.030216,2.0931914,-2.4114652
